45,TEVREDENHEID,Verstopping,Haven,aantal/maand,80.0,9.0,65.7,61.4,56.4,59.5,54.6,79.0,Jan/09,1.6
45,TEVREDENHEID,Verstopping,Haven,aantal/maand,80.0,9.0,65.7,61.4,56.4,59.5,54.6,79.0,Feb/09,8.8
45,TEVREDENHEID,Verstopping,Haven,aantal/maand,80.0,9.0,65.7,61.4,56.4,59.5,54.6,79.0,Mar/09,7.0
45,TEVREDENHEID,Verstopping,Haven,aantal/maand,80.0,9.0,65.7,61.4,56.4,59.5,54.6,79.0,Apr/09,5.3
45,TEVREDENHEID,Verstopping,Haven,aantal/maand,80.0,9.0,65.7,61.4,56.4,59.5,54.6,79.0,May/09,5.7
45,TEVREDENHEID,Verstopping,Haven,aantal/maand,80.0,9.0,65.7,61.4,56.4,59.5,54.6,79.0,Jun/09,0.3
45,TEVREDENHEID,Verstopping,Haven,aantal/maand,80.0,9.0,65.7,61.4,56.4,59.5,54.6,79.0,Jul/09,7.3
45,TEVREDENHEID,Verstopping,Haven,aantal/maand,80.0,9.0,65.7,61.4,56.4,59.5,54.6,79.0,Aug/09,5.9
45,TEVREDENHEID,Verstopping,Haven,aantal/maand,80.0,9.0,65.7,61.4,56.4,59.5,54.6,79.0,Sep/09,3.0
45,TEVREDENHEID,Verstopping,Haven,aantal/maand,80.0,9.0,65.7,61.4,56.4,59.5,54.6,79.0,Oct/09,7.3
45,TEVREDENHEID,Verstopping,Haven,aantal/maand,80.0,9.0,65.7,61.4,56.4,59.5,54.6,79.0,Nov/09,8.0
45,TEVREDENHEID,Verstopping,Haven,aantal/maand,80.0,9.0,65.7,61.4,56.4,59.5,54.6,79.0,Dec/09,5.7
45,TEVREDENHEID,Verstopping,Haven,aantal/maand,80.0,9.0,65.7,61.4,56.4,59.5,54.6,79.0,Jan/10,9.4
45,TEVREDENHEID,Verstopping,Haven,aantal/maand,80.0,9.0,65.7,61.4,56.4,59.5,54.6,79.0,Feb/10,9.4
45,TEVREDENHEID,Verstopping,Haven,aantal/maand,80.0,9.0,65.7,61.4,56.4,59.5,54.6,79.0,Mar/10,2.5
45,TEVREDENHEID,Verstopping,Haven,aantal/maand,80.0,9.0,65.7,61.4,56.4,59.5,54.6,79.0,Apr/10,2.9
45,TEVREDENHEID,Verstopping,Haven,aantal/maand,80.0,9.0,65.7,61.4,56.4,59.5,54.6,79.0,May/10,1.7
45,TEVREDENHEID,Verstopping,Haven,aantal/maand,80.0,9.0,65.7,61.4,56.4,59.5,54.6,79.0,Jun/10,8.1
45,TEVREDENHEID,Verstopping,Haven,aantal/maand,80.0,9.0,65.7,61.4,56.4,59.5,54.6,79.0,Jul/10,1.3
45,TEVREDENHEID,Verstopping,Haven,aantal/maand,80.0,9.0,65.7,61.4,56.4,59.5,54.6,79.0,Aug/10,8.5
45,TEVREDENHEID,Verstopping,Haven,aantal/maand,80.0,9.0,65.7,61.4,56.4,59.5,54.6,79.0,Sep/10,8.3
45,TEVREDENHEID,Verstopping,Haven,aantal/maand,80.0,9.0,65.7,61.4,56.4,59.5,54.6,79.0,Oct/10,0.1
45,TEVREDENHEID,Verstopping,Haven,aantal/maand,80.0,9.0,65.7,61.4,56.4,59.5,54.6,79.0,Nov/10,2.6
45,TEVREDENHEID,Verstopping,Haven,aantal/maand,80.0,9.0,65.7,61.4,56.4,59.5,54.6,79.0,Dec/10,6.7
45,TEVREDENHEID,Verstopping,Haven,aantal/maand,80.0,9.0,65.7,61.4,56.4,59.5,54.6,79.0,Jan/11,0.6
45,TEVREDENHEID,Verstopping,Haven,aantal/maand,80.0,9.0,65.7,61.4,56.4,59.5,54.6,79.0,Feb/11,5.5
45,TEVREDENHEID,Verstopping,Haven,aantal/maand,80.0,9.0,65.7,61.4,56.4,59.5,54.6,79.0,Mar/11,6.7
45,TEVREDENHEID,Verstopping,Haven,aantal/maand,80.0,9.0,65.7,61.4,56.4,59.5,54.6,79.0,Apr/11,4.0
45,TEVREDENHEID,Verstopping,Haven,aantal/maand,80.0,9.0,65.7,61.4,56.4,59.5,54.6,79.0,May/11,6.4
45,TEVREDENHEID,Verstopping,Haven,aantal/maand,80.0,9.0,65.7,61.4,56.4,59.5,54.6,79.0,Jun/11,2.9
45,TEVREDENHEID,Verstopping,Haven,aantal/maand,80.0,9.0,65.7,61.4,56.4,59.5,54.6,79.0,Jul/11,4.8
45,TEVREDENHEID,Verstopping,Haven,aantal/maand,80.0,9.0,65.7,61.4,56.4,59.5,54.6,79.0,Aug/11,1.4
45,TEVREDENHEID,Verstopping,Haven,aantal/maand,80.0,9.0,65.7,61.4,56.4,59.5,54.6,79.0,Sep/11,2.0
45,TEVREDENHEID,Verstopping,Haven,aantal/maand,80.0,9.0,65.7,61.4,56.4,59.5,54.6,79.0,Oct/11,9.3
45,TEVREDENHEID,Verstopping,Haven,aantal/maand,80.0,9.0,65.7,61.4,56.4,59.5,54.6,79.0,Nov/11,6.0
45,TEVREDENHEID,Verstopping,Haven,aantal/maand,80.0,9.0,65.7,61.4,56.4,59.5,54.6,79.0,Dec/11,6.9
45,TEVREDENHEID,Verstopping,Haven,aantal/maand,80.0,9.0,65.7,61.4,56.4,59.5,54.6,79.0,Jan/12,9.4
45,TEVREDENHEID,Verstopping,Haven,aantal/maand,80.0,9.0,65.7,61.4,56.4,59.5,54.6,79.0,Feb/12,0.4
45,TEVREDENHEID,Verstopping,Haven,aantal/maand,80.0,9.0,65.7,61.4,56.4,59.5,54.6,79.0,Mar/12,7.8
45,TEVREDENHEID,Verstopping,Haven,aantal/maand,80.0,9.0,65.7,61.4,56.4,59.5,54.6,79.0,Apr/12,3.3
45,TEVREDENHEID,Verstopping,Haven,aantal/maand,80.0,9.0,65.7,61.4,56.4,59.5,54.6,79.0,May/12,6.2
45,TEVREDENHEID,Verstopping,Haven,aantal/maand,80.0,9.0,65.7,61.4,56.4,59.5,54.6,79.0,Jun/12,0.4
45,TEVREDENHEID,Verstopping,Haven,aantal/maand,80.0,9.0,65.7,61.4,56.4,59.5,54.6,79.0,Jul/12,9.8
45,TEVREDENHEID,Verstopping,Haven,aantal/maand,80.0,9.0,65.7,61.4,56.4,59.5,54.6,79.0,Aug/12,2.1
45,TEVREDENHEID,Verstopping,Haven,aantal/maand,80.0,9.0,65.7,61.4,56.4,59.5,54.6,79.0,Sep/12,9.4
45,TEVREDENHEID,Verstopping,Haven,aantal/maand,80.0,9.0,65.7,61.4,56.4,59.5,54.6,79.0,Oct/12,8.5
45,TEVREDENHEID,Verstopping,Haven,aantal/maand,80.0,9.0,65.7,61.4,56.4,59.5,54.6,79.0,Nov/12,0.7
45,TEVREDENHEID,Verstopping,Haven,aantal/maand,80.0,9.0,65.7,61.4,56.4,59.5,54.6,79.0,Dec/12,1.6
45,TEVREDENHEID,Verstopping,Haven,aantal/maand,80.0,9.0,65.7,61.4,56.4,59.5,54.6,79.0,Jan/13,7.4
45,TEVREDENHEID,Verstopping,Haven,aantal/maand,80.0,9.0,65.7,61.4,56.4,59.5,54.6,79.0,Feb/13,8.3
45,TEVREDENHEID,Verstopping,Haven,aantal/maand,80.0,9.0,65.7,61.4,56.4,59.5,54.6,79.0,Mar/13,5.0
45,TEVREDENHEID,Verstopping,Haven,aantal/maand,80.0,9.0,65.7,61.4,56.4,59.5,54.6,79.0,Apr/13,8.2
45,TEVREDENHEID,Verstopping,Haven,aantal/maand,80.0,9.0,65.7,61.4,56.4,59.5,54.6,79.0,May/13,5.5
45,TEVREDENHEID,Verstopping,Haven,aantal/maand,80.0,9.0,65.7,61.4,56.4,59.5,54.6,79.0,Jun/13,0.1
45,TEVREDENHEID,Verstopping,Haven,aantal/maand,80.0,9.0,65.7,61.4,56.4,59.5,54.6,79.0,Jul/13,7.1
45,TEVREDENHEID,Verstopping,Haven,aantal/maand,80.0,9.0,65.7,61.4,56.4,59.5,54.6,79.0,Aug/13,1.7
45,TEVREDENHEID,Verstopping,Haven,aantal/maand,80.0,9.0,65.7,61.4,56.4,59.5,54.6,79.0,Sep/13,0.5
45,TEVREDENHEID,Verstopping,Haven,aantal/maand,80.0,9.0,65.7,61.4,56.4,59.5,54.6,79.0,Oct/13,2.0
45,TEVREDENHEID,Verstopping,Haven,aantal/maand,80.0,9.0,65.7,61.4,56.4,59.5,54.6,79.0,Nov/13,2.6
45,TEVREDENHEID,Verstopping,Haven,aantal/maand,80.0,9.0,65.7,61.4,56.4,59.5,54.6,79.0,Dec/13,6.2
45,TEVREDENHEID,Verstopping,Haven,aantal/maand,80.0,9.0,65.7,61.4,56.4,59.5,54.6,79.0,Jan/14,2.0
45,TEVREDENHEID,Verstopping,Haven,aantal/maand,80.0,9.0,65.7,61.4,56.4,59.5,54.6,79.0,Feb/14,7.5
45,TEVREDENHEID,Verstopping,Haven,aantal/maand,80.0,9.0,65.7,61.4,56.4,59.5,54.6,79.0,Mar/14,3.5
45,TEVREDENHEID,Verstopping,Haven,aantal/maand,80.0,9.0,65.7,61.4,56.4,59.5,54.6,79.0,Apr/14,0.8
45,TEVREDENHEID,Verstopping,Haven,aantal/maand,80.0,9.0,65.7,61.4,56.4,59.5,54.6,79.0,May/14,6.3
45,TEVREDENHEID,Verstopping,Haven,aantal/maand,80.0,9.0,65.7,61.4,56.4,59.5,54.6,79.0,Jun/14,1.0
45,TEVREDENHEID,Verstopping,Haven,aantal/maand,80.0,9.0,65.7,61.4,56.4,59.5,54.6,79.0,Jul/14,6.8
45,TEVREDENHEID,Verstopping,Haven,aantal/maand,80.0,9.0,65.7,61.4,56.4,59.5,54.6,79.0,Aug/14,9.3
45,TEVREDENHEID,Verstopping,Haven,aantal/maand,80.0,9.0,65.7,61.4,56.4,59.5,54.6,79.0,Sep/14,0.2
45,TEVREDENHEID,Verstopping,Haven,aantal/maand,80.0,9.0,65.7,61.4,56.4,59.5,54.6,79.0,Oct/14,4.5
45,TEVREDENHEID,Verstopping,Haven,aantal/maand,80.0,9.0,65.7,61.4,56.4,59.5,54.6,79.0,Nov/14,8.4
45,TEVREDENHEID,Verstopping,Haven,aantal/maand,80.0,9.0,65.7,61.4,56.4,59.5,54.6,79.0,Dec/14,6.1
45,TEVREDENHEID,Verstopping,Stad,aantal/maand,88.0,5.0,62.0,55.2,54.5,47.1,63.2,59.0,Jan/09,3.6
45,TEVREDENHEID,Verstopping,Stad,aantal/maand,88.0,5.0,62.0,55.2,54.5,47.1,63.2,59.0,Feb/09,8.4
45,TEVREDENHEID,Verstopping,Stad,aantal/maand,88.0,5.0,62.0,55.2,54.5,47.1,63.2,59.0,Mar/09,0.9
45,TEVREDENHEID,Verstopping,Stad,aantal/maand,88.0,5.0,62.0,55.2,54.5,47.1,63.2,59.0,Apr/09,5.7
45,TEVREDENHEID,Verstopping,Stad,aantal/maand,88.0,5.0,62.0,55.2,54.5,47.1,63.2,59.0,May/09,6.1
45,TEVREDENHEID,Verstopping,Stad,aantal/maand,88.0,5.0,62.0,55.2,54.5,47.1,63.2,59.0,Jun/09,1.6
45,TEVREDENHEID,Verstopping,Stad,aantal/maand,88.0,5.0,62.0,55.2,54.5,47.1,63.2,59.0,Jul/09,8.2
45,TEVREDENHEID,Verstopping,Stad,aantal/maand,88.0,5.0,62.0,55.2,54.5,47.1,63.2,59.0,Aug/09,3.8
45,TEVREDENHEID,Verstopping,Stad,aantal/maand,88.0,5.0,62.0,55.2,54.5,47.1,63.2,59.0,Sep/09,9.0
45,TEVREDENHEID,Verstopping,Stad,aantal/maand,88.0,5.0,62.0,55.2,54.5,47.1,63.2,59.0,Oct/09,6.3
45,TEVREDENHEID,Verstopping,Stad,aantal/maand,88.0,5.0,62.0,55.2,54.5,47.1,63.2,59.0,Nov/09,3.0
45,TEVREDENHEID,Verstopping,Stad,aantal/maand,88.0,5.0,62.0,55.2,54.5,47.1,63.2,59.0,Dec/09,5.4
45,TEVREDENHEID,Verstopping,Stad,aantal/maand,88.0,5.0,62.0,55.2,54.5,47.1,63.2,59.0,Jan/10,7.0
45,TEVREDENHEID,Verstopping,Stad,aantal/maand,88.0,5.0,62.0,55.2,54.5,47.1,63.2,59.0,Feb/10,0.3
45,TEVREDENHEID,Verstopping,Stad,aantal/maand,88.0,5.0,62.0,55.2,54.5,47.1,63.2,59.0,Mar/10,8.1
45,TEVREDENHEID,Verstopping,Stad,aantal/maand,88.0,5.0,62.0,55.2,54.5,47.1,63.2,59.0,Apr/10,0.6
45,TEVREDENHEID,Verstopping,Stad,aantal/maand,88.0,5.0,62.0,55.2,54.5,47.1,63.2,59.0,May/10,7.7
45,TEVREDENHEID,Verstopping,Stad,aantal/maand,88.0,5.0,62.0,55.2,54.5,47.1,63.2,59.0,Jun/10,2.7
45,TEVREDENHEID,Verstopping,Stad,aantal/maand,88.0,5.0,62.0,55.2,54.5,47.1,63.2,59.0,Jul/10,7.4
45,TEVREDENHEID,Verstopping,Stad,aantal/maand,88.0,5.0,62.0,55.2,54.5,47.1,63.2,59.0,Aug/10,2.2
45,TEVREDENHEID,Verstopping,Stad,aantal/maand,88.0,5.0,62.0,55.2,54.5,47.1,63.2,59.0,Sep/10,2.0
45,TEVREDENHEID,Verstopping,Stad,aantal/maand,88.0,5.0,62.0,55.2,54.5,47.1,63.2,59.0,Oct/10,7.9
45,TEVREDENHEID,Verstopping,Stad,aantal/maand,88.0,5.0,62.0,55.2,54.5,47.1,63.2,59.0,Nov/10,2.7
45,TEVREDENHEID,Verstopping,Stad,aantal/maand,88.0,5.0,62.0,55.2,54.5,47.1,63.2,59.0,Dec/10,6.6
45,TEVREDENHEID,Verstopping,Stad,aantal/maand,88.0,5.0,62.0,55.2,54.5,47.1,63.2,59.0,Jan/11,2.7
45,TEVREDENHEID,Verstopping,Stad,aantal/maand,88.0,5.0,62.0,55.2,54.5,47.1,63.2,59.0,Feb/11,5.9
45,TEVREDENHEID,Verstopping,Stad,aantal/maand,88.0,5.0,62.0,55.2,54.5,47.1,63.2,59.0,Mar/11,3.4
45,TEVREDENHEID,Verstopping,Stad,aantal/maand,88.0,5.0,62.0,55.2,54.5,47.1,63.2,59.0,Apr/11,9.3
45,TEVREDENHEID,Verstopping,Stad,aantal/maand,88.0,5.0,62.0,55.2,54.5,47.1,63.2,59.0,May/11,5.5
45,TEVREDENHEID,Verstopping,Stad,aantal/maand,88.0,5.0,62.0,55.2,54.5,47.1,63.2,59.0,Jun/11,9.4
45,TEVREDENHEID,Verstopping,Stad,aantal/maand,88.0,5.0,62.0,55.2,54.5,47.1,63.2,59.0,Jul/11,2.2
45,TEVREDENHEID,Verstopping,Stad,aantal/maand,88.0,5.0,62.0,55.2,54.5,47.1,63.2,59.0,Aug/11,0.0
45,TEVREDENHEID,Verstopping,Stad,aantal/maand,88.0,5.0,62.0,55.2,54.5,47.1,63.2,59.0,Sep/11,1.2
45,TEVREDENHEID,Verstopping,Stad,aantal/maand,88.0,5.0,62.0,55.2,54.5,47.1,63.2,59.0,Oct/11,8.2
45,TEVREDENHEID,Verstopping,Stad,aantal/maand,88.0,5.0,62.0,55.2,54.5,47.1,63.2,59.0,Nov/11,1.4
45,TEVREDENHEID,Verstopping,Stad,aantal/maand,88.0,5.0,62.0,55.2,54.5,47.1,63.2,59.0,Dec/11,5.2
45,TEVREDENHEID,Verstopping,Stad,aantal/maand,88.0,5.0,62.0,55.2,54.5,47.1,63.2,59.0,Jan/12,8.8
45,TEVREDENHEID,Verstopping,Stad,aantal/maand,88.0,5.0,62.0,55.2,54.5,47.1,63.2,59.0,Feb/12,2.3
45,TEVREDENHEID,Verstopping,Stad,aantal/maand,88.0,5.0,62.0,55.2,54.5,47.1,63.2,59.0,Mar/12,5.9
45,TEVREDENHEID,Verstopping,Stad,aantal/maand,88.0,5.0,62.0,55.2,54.5,47.1,63.2,59.0,Apr/12,3.4
45,TEVREDENHEID,Verstopping,Stad,aantal/maand,88.0,5.0,62.0,55.2,54.5,47.1,63.2,59.0,May/12,1.0
45,TEVREDENHEID,Verstopping,Stad,aantal/maand,88.0,5.0,62.0,55.2,54.5,47.1,63.2,59.0,Jun/12,1.6
45,TEVREDENHEID,Verstopping,Stad,aantal/maand,88.0,5.0,62.0,55.2,54.5,47.1,63.2,59.0,Jul/12,2.8
45,TEVREDENHEID,Verstopping,Stad,aantal/maand,88.0,5.0,62.0,55.2,54.5,47.1,63.2,59.0,Aug/12,2.4
45,TEVREDENHEID,Verstopping,Stad,aantal/maand,88.0,5.0,62.0,55.2,54.5,47.1,63.2,59.0,Sep/12,8.2
45,TEVREDENHEID,Verstopping,Stad,aantal/maand,88.0,5.0,62.0,55.2,54.5,47.1,63.2,59.0,Oct/12,1.3
45,TEVREDENHEID,Verstopping,Stad,aantal/maand,88.0,5.0,62.0,55.2,54.5,47.1,63.2,59.0,Nov/12,4.9
45,TEVREDENHEID,Verstopping,Stad,aantal/maand,88.0,5.0,62.0,55.2,54.5,47.1,63.2,59.0,Dec/12,4.5
45,TEVREDENHEID,Verstopping,Stad,aantal/maand,88.0,5.0,62.0,55.2,54.5,47.1,63.2,59.0,Jan/13,7.6
45,TEVREDENHEID,Verstopping,Stad,aantal/maand,88.0,5.0,62.0,55.2,54.5,47.1,63.2,59.0,Feb/13,8.4
45,TEVREDENHEID,Verstopping,Stad,aantal/maand,88.0,5.0,62.0,55.2,54.5,47.1,63.2,59.0,Mar/13,8.0
45,TEVREDENHEID,Verstopping,Stad,aantal/maand,88.0,5.0,62.0,55.2,54.5,47.1,63.2,59.0,Apr/13,5.4
45,TEVREDENHEID,Verstopping,Stad,aantal/maand,88.0,5.0,62.0,55.2,54.5,47.1,63.2,59.0,May/13,0.5
45,TEVREDENHEID,Verstopping,Stad,aantal/maand,88.0,5.0,62.0,55.2,54.5,47.1,63.2,59.0,Jun/13,4.6
45,TEVREDENHEID,Verstopping,Stad,aantal/maand,88.0,5.0,62.0,55.2,54.5,47.1,63.2,59.0,Jul/13,2.2
45,TEVREDENHEID,Verstopping,Stad,aantal/maand,88.0,5.0,62.0,55.2,54.5,47.1,63.2,59.0,Aug/13,8.4
45,TEVREDENHEID,Verstopping,Stad,aantal/maand,88.0,5.0,62.0,55.2,54.5,47.1,63.2,59.0,Sep/13,4.2
45,TEVREDENHEID,Verstopping,Stad,aantal/maand,88.0,5.0,62.0,55.2,54.5,47.1,63.2,59.0,Oct/13,8.1
45,TEVREDENHEID,Verstopping,Stad,aantal/maand,88.0,5.0,62.0,55.2,54.5,47.1,63.2,59.0,Nov/13,3.0
45,TEVREDENHEID,Verstopping,Stad,aantal/maand,88.0,5.0,62.0,55.2,54.5,47.1,63.2,59.0,Dec/13,2.7
45,TEVREDENHEID,Verstopping,Stad,aantal/maand,88.0,5.0,62.0,55.2,54.5,47.1,63.2,59.0,Jan/14,4.4
45,TEVREDENHEID,Verstopping,Stad,aantal/maand,88.0,5.0,62.0,55.2,54.5,47.1,63.2,59.0,Feb/14,7.6
45,TEVREDENHEID,Verstopping,Stad,aantal/maand,88.0,5.0,62.0,55.2,54.5,47.1,63.2,59.0,Mar/14,0.4
45,TEVREDENHEID,Verstopping,Stad,aantal/maand,88.0,5.0,62.0,55.2,54.5,47.1,63.2,59.0,Apr/14,1.4
45,TEVREDENHEID,Verstopping,Stad,aantal/maand,88.0,5.0,62.0,55.2,54.5,47.1,63.2,59.0,May/14,8.6
45,TEVREDENHEID,Verstopping,Stad,aantal/maand,88.0,5.0,62.0,55.2,54.5,47.1,63.2,59.0,Jun/14,3.1
45,TEVREDENHEID,Verstopping,Stad,aantal/maand,88.0,5.0,62.0,55.2,54.5,47.1,63.2,59.0,Jul/14,3.1
45,TEVREDENHEID,Verstopping,Stad,aantal/maand,88.0,5.0,62.0,55.2,54.5,47.1,63.2,59.0,Aug/14,7.8
45,TEVREDENHEID,Verstopping,Stad,aantal/maand,88.0,5.0,62.0,55.2,54.5,47.1,63.2,59.0,Sep/14,5.3
45,TEVREDENHEID,Verstopping,Stad,aantal/maand,88.0,5.0,62.0,55.2,54.5,47.1,63.2,59.0,Oct/14,0.6
45,TEVREDENHEID,Verstopping,Stad,aantal/maand,88.0,5.0,62.0,55.2,54.5,47.1,63.2,59.0,Nov/14,3.0
45,TEVREDENHEID,Verstopping,Stad,aantal/maand,88.0,5.0,62.0,55.2,54.5,47.1,63.2,59.0,Dec/14,0.0
45,TEVREDENHEID,Verstopping,Buiten,aantal/maand,51.0,8.0,55.9,75.3,57.2,56.7,66.5,47.0,Jan/09,8.5
45,TEVREDENHEID,Verstopping,Buiten,aantal/maand,51.0,8.0,55.9,75.3,57.2,56.7,66.5,47.0,Feb/09,3.6
45,TEVREDENHEID,Verstopping,Buiten,aantal/maand,51.0,8.0,55.9,75.3,57.2,56.7,66.5,47.0,Mar/09,4.2
45,TEVREDENHEID,Verstopping,Buiten,aantal/maand,51.0,8.0,55.9,75.3,57.2,56.7,66.5,47.0,Apr/09,2.4
45,TEVREDENHEID,Verstopping,Buiten,aantal/maand,51.0,8.0,55.9,75.3,57.2,56.7,66.5,47.0,May/09,7.7
45,TEVREDENHEID,Verstopping,Buiten,aantal/maand,51.0,8.0,55.9,75.3,57.2,56.7,66.5,47.0,Jun/09,2.1
45,TEVREDENHEID,Verstopping,Buiten,aantal/maand,51.0,8.0,55.9,75.3,57.2,56.7,66.5,47.0,Jul/09,1.3
45,TEVREDENHEID,Verstopping,Buiten,aantal/maand,51.0,8.0,55.9,75.3,57.2,56.7,66.5,47.0,Aug/09,9.7
45,TEVREDENHEID,Verstopping,Buiten,aantal/maand,51.0,8.0,55.9,75.3,57.2,56.7,66.5,47.0,Sep/09,5.7
45,TEVREDENHEID,Verstopping,Buiten,aantal/maand,51.0,8.0,55.9,75.3,57.2,56.7,66.5,47.0,Oct/09,3.0
45,TEVREDENHEID,Verstopping,Buiten,aantal/maand,51.0,8.0,55.9,75.3,57.2,56.7,66.5,47.0,Nov/09,4.8
45,TEVREDENHEID,Verstopping,Buiten,aantal/maand,51.0,8.0,55.9,75.3,57.2,56.7,66.5,47.0,Dec/09,3.1
45,TEVREDENHEID,Verstopping,Buiten,aantal/maand,51.0,8.0,55.9,75.3,57.2,56.7,66.5,47.0,Jan/10,2.5
45,TEVREDENHEID,Verstopping,Buiten,aantal/maand,51.0,8.0,55.9,75.3,57.2,56.7,66.5,47.0,Feb/10,9.5
45,TEVREDENHEID,Verstopping,Buiten,aantal/maand,51.0,8.0,55.9,75.3,57.2,56.7,66.5,47.0,Mar/10,5.7
45,TEVREDENHEID,Verstopping,Buiten,aantal/maand,51.0,8.0,55.9,75.3,57.2,56.7,66.5,47.0,Apr/10,6.7
45,TEVREDENHEID,Verstopping,Buiten,aantal/maand,51.0,8.0,55.9,75.3,57.2,56.7,66.5,47.0,May/10,6.9
45,TEVREDENHEID,Verstopping,Buiten,aantal/maand,51.0,8.0,55.9,75.3,57.2,56.7,66.5,47.0,Jun/10,8.5
45,TEVREDENHEID,Verstopping,Buiten,aantal/maand,51.0,8.0,55.9,75.3,57.2,56.7,66.5,47.0,Jul/10,2.3
45,TEVREDENHEID,Verstopping,Buiten,aantal/maand,51.0,8.0,55.9,75.3,57.2,56.7,66.5,47.0,Aug/10,9.1
45,TEVREDENHEID,Verstopping,Buiten,aantal/maand,51.0,8.0,55.9,75.3,57.2,56.7,66.5,47.0,Sep/10,9.5
45,TEVREDENHEID,Verstopping,Buiten,aantal/maand,51.0,8.0,55.9,75.3,57.2,56.7,66.5,47.0,Oct/10,1.9
45,TEVREDENHEID,Verstopping,Buiten,aantal/maand,51.0,8.0,55.9,75.3,57.2,56.7,66.5,47.0,Nov/10,8.2
45,TEVREDENHEID,Verstopping,Buiten,aantal/maand,51.0,8.0,55.9,75.3,57.2,56.7,66.5,47.0,Dec/10,4.4
45,TEVREDENHEID,Verstopping,Buiten,aantal/maand,51.0,8.0,55.9,75.3,57.2,56.7,66.5,47.0,Jan/11,2.2
45,TEVREDENHEID,Verstopping,Buiten,aantal/maand,51.0,8.0,55.9,75.3,57.2,56.7,66.5,47.0,Feb/11,5.6
45,TEVREDENHEID,Verstopping,Buiten,aantal/maand,51.0,8.0,55.9,75.3,57.2,56.7,66.5,47.0,Mar/11,4.2
45,TEVREDENHEID,Verstopping,Buiten,aantal/maand,51.0,8.0,55.9,75.3,57.2,56.7,66.5,47.0,Apr/11,7.8
45,TEVREDENHEID,Verstopping,Buiten,aantal/maand,51.0,8.0,55.9,75.3,57.2,56.7,66.5,47.0,May/11,5.5
45,TEVREDENHEID,Verstopping,Buiten,aantal/maand,51.0,8.0,55.9,75.3,57.2,56.7,66.5,47.0,Jun/11,5.4
45,TEVREDENHEID,Verstopping,Buiten,aantal/maand,51.0,8.0,55.9,75.3,57.2,56.7,66.5,47.0,Jul/11,2.1
45,TEVREDENHEID,Verstopping,Buiten,aantal/maand,51.0,8.0,55.9,75.3,57.2,56.7,66.5,47.0,Aug/11,4.9
45,TEVREDENHEID,Verstopping,Buiten,aantal/maand,51.0,8.0,55.9,75.3,57.2,56.7,66.5,47.0,Sep/11,7.6
45,TEVREDENHEID,Verstopping,Buiten,aantal/maand,51.0,8.0,55.9,75.3,57.2,56.7,66.5,47.0,Oct/11,5.4
45,TEVREDENHEID,Verstopping,Buiten,aantal/maand,51.0,8.0,55.9,75.3,57.2,56.7,66.5,47.0,Nov/11,2.2
45,TEVREDENHEID,Verstopping,Buiten,aantal/maand,51.0,8.0,55.9,75.3,57.2,56.7,66.5,47.0,Dec/11,4.4
45,TEVREDENHEID,Verstopping,Buiten,aantal/maand,51.0,8.0,55.9,75.3,57.2,56.7,66.5,47.0,Jan/12,8.5
45,TEVREDENHEID,Verstopping,Buiten,aantal/maand,51.0,8.0,55.9,75.3,57.2,56.7,66.5,47.0,Feb/12,1.1
45,TEVREDENHEID,Verstopping,Buiten,aantal/maand,51.0,8.0,55.9,75.3,57.2,56.7,66.5,47.0,Mar/12,9.1
45,TEVREDENHEID,Verstopping,Buiten,aantal/maand,51.0,8.0,55.9,75.3,57.2,56.7,66.5,47.0,Apr/12,3.0
45,TEVREDENHEID,Verstopping,Buiten,aantal/maand,51.0,8.0,55.9,75.3,57.2,56.7,66.5,47.0,May/12,4.1
45,TEVREDENHEID,Verstopping,Buiten,aantal/maand,51.0,8.0,55.9,75.3,57.2,56.7,66.5,47.0,Jun/12,7.1
45,TEVREDENHEID,Verstopping,Buiten,aantal/maand,51.0,8.0,55.9,75.3,57.2,56.7,66.5,47.0,Jul/12,8.8
45,TEVREDENHEID,Verstopping,Buiten,aantal/maand,51.0,8.0,55.9,75.3,57.2,56.7,66.5,47.0,Aug/12,3.8
45,TEVREDENHEID,Verstopping,Buiten,aantal/maand,51.0,8.0,55.9,75.3,57.2,56.7,66.5,47.0,Sep/12,1.1
45,TEVREDENHEID,Verstopping,Buiten,aantal/maand,51.0,8.0,55.9,75.3,57.2,56.7,66.5,47.0,Oct/12,2.0
45,TEVREDENHEID,Verstopping,Buiten,aantal/maand,51.0,8.0,55.9,75.3,57.2,56.7,66.5,47.0,Nov/12,5.3
45,TEVREDENHEID,Verstopping,Buiten,aantal/maand,51.0,8.0,55.9,75.3,57.2,56.7,66.5,47.0,Dec/12,2.6
45,TEVREDENHEID,Verstopping,Buiten,aantal/maand,51.0,8.0,55.9,75.3,57.2,56.7,66.5,47.0,Jan/13,0.5
45,TEVREDENHEID,Verstopping,Buiten,aantal/maand,51.0,8.0,55.9,75.3,57.2,56.7,66.5,47.0,Feb/13,1.3
45,TEVREDENHEID,Verstopping,Buiten,aantal/maand,51.0,8.0,55.9,75.3,57.2,56.7,66.5,47.0,Mar/13,9.7
45,TEVREDENHEID,Verstopping,Buiten,aantal/maand,51.0,8.0,55.9,75.3,57.2,56.7,66.5,47.0,Apr/13,8.6
45,TEVREDENHEID,Verstopping,Buiten,aantal/maand,51.0,8.0,55.9,75.3,57.2,56.7,66.5,47.0,May/13,7.7
45,TEVREDENHEID,Verstopping,Buiten,aantal/maand,51.0,8.0,55.9,75.3,57.2,56.7,66.5,47.0,Jun/13,6.7
45,TEVREDENHEID,Verstopping,Buiten,aantal/maand,51.0,8.0,55.9,75.3,57.2,56.7,66.5,47.0,Jul/13,0.7
45,TEVREDENHEID,Verstopping,Buiten,aantal/maand,51.0,8.0,55.9,75.3,57.2,56.7,66.5,47.0,Aug/13,8.7
45,TEVREDENHEID,Verstopping,Buiten,aantal/maand,51.0,8.0,55.9,75.3,57.2,56.7,66.5,47.0,Sep/13,8.9
45,TEVREDENHEID,Verstopping,Buiten,aantal/maand,51.0,8.0,55.9,75.3,57.2,56.7,66.5,47.0,Oct/13,0.4
45,TEVREDENHEID,Verstopping,Buiten,aantal/maand,51.0,8.0,55.9,75.3,57.2,56.7,66.5,47.0,Nov/13,8.1
45,TEVREDENHEID,Verstopping,Buiten,aantal/maand,51.0,8.0,55.9,75.3,57.2,56.7,66.5,47.0,Dec/13,5.3
45,TEVREDENHEID,Verstopping,Buiten,aantal/maand,51.0,8.0,55.9,75.3,57.2,56.7,66.5,47.0,Jan/14,1.5
45,TEVREDENHEID,Verstopping,Buiten,aantal/maand,51.0,8.0,55.9,75.3,57.2,56.7,66.5,47.0,Feb/14,3.5
45,TEVREDENHEID,Verstopping,Buiten,aantal/maand,51.0,8.0,55.9,75.3,57.2,56.7,66.5,47.0,Mar/14,2.3
45,TEVREDENHEID,Verstopping,Buiten,aantal/maand,51.0,8.0,55.9,75.3,57.2,56.7,66.5,47.0,Apr/14,4.7
45,TEVREDENHEID,Verstopping,Buiten,aantal/maand,51.0,8.0,55.9,75.3,57.2,56.7,66.5,47.0,May/14,6.9
45,TEVREDENHEID,Verstopping,Buiten,aantal/maand,51.0,8.0,55.9,75.3,57.2,56.7,66.5,47.0,Jun/14,1.6
45,TEVREDENHEID,Verstopping,Buiten,aantal/maand,51.0,8.0,55.9,75.3,57.2,56.7,66.5,47.0,Jul/14,9.7
45,TEVREDENHEID,Verstopping,Buiten,aantal/maand,51.0,8.0,55.9,75.3,57.2,56.7,66.5,47.0,Aug/14,2.8
45,TEVREDENHEID,Verstopping,Buiten,aantal/maand,51.0,8.0,55.9,75.3,57.2,56.7,66.5,47.0,Sep/14,5.2
45,TEVREDENHEID,Verstopping,Buiten,aantal/maand,51.0,8.0,55.9,75.3,57.2,56.7,66.5,47.0,Oct/14,5.2
45,TEVREDENHEID,Verstopping,Buiten,aantal/maand,51.0,8.0,55.9,75.3,57.2,56.7,66.5,47.0,Nov/14,3.9
45,TEVREDENHEID,Verstopping,Buiten,aantal/maand,51.0,8.0,55.9,75.3,57.2,56.7,66.5,47.0,Dec/14,7.5
45,TEVREDENHEID,Verstopping,Poort,aantal/maand,79.0,7.0,64.6,63.0,59.8,54.2,69.1,67.0,Jan/09,4.2
45,TEVREDENHEID,Verstopping,Poort,aantal/maand,79.0,7.0,64.6,63.0,59.8,54.2,69.1,67.0,Feb/09,0.4
45,TEVREDENHEID,Verstopping,Poort,aantal/maand,79.0,7.0,64.6,63.0,59.8,54.2,69.1,67.0,Mar/09,7.2
45,TEVREDENHEID,Verstopping,Poort,aantal/maand,79.0,7.0,64.6,63.0,59.8,54.2,69.1,67.0,Apr/09,9.1
45,TEVREDENHEID,Verstopping,Poort,aantal/maand,79.0,7.0,64.6,63.0,59.8,54.2,69.1,67.0,May/09,6.4
45,TEVREDENHEID,Verstopping,Poort,aantal/maand,79.0,7.0,64.6,63.0,59.8,54.2,69.1,67.0,Jun/09,7.2
45,TEVREDENHEID,Verstopping,Poort,aantal/maand,79.0,7.0,64.6,63.0,59.8,54.2,69.1,67.0,Jul/09,1.5
45,TEVREDENHEID,Verstopping,Poort,aantal/maand,79.0,7.0,64.6,63.0,59.8,54.2,69.1,67.0,Aug/09,7.9
45,TEVREDENHEID,Verstopping,Poort,aantal/maand,79.0,7.0,64.6,63.0,59.8,54.2,69.1,67.0,Sep/09,4.9
45,TEVREDENHEID,Verstopping,Poort,aantal/maand,79.0,7.0,64.6,63.0,59.8,54.2,69.1,67.0,Oct/09,9.2
45,TEVREDENHEID,Verstopping,Poort,aantal/maand,79.0,7.0,64.6,63.0,59.8,54.2,69.1,67.0,Nov/09,4.2
45,TEVREDENHEID,Verstopping,Poort,aantal/maand,79.0,7.0,64.6,63.0,59.8,54.2,69.1,67.0,Dec/09,2.4
45,TEVREDENHEID,Verstopping,Poort,aantal/maand,79.0,7.0,64.6,63.0,59.8,54.2,69.1,67.0,Jan/10,8.4
45,TEVREDENHEID,Verstopping,Poort,aantal/maand,79.0,7.0,64.6,63.0,59.8,54.2,69.1,67.0,Feb/10,6.4
45,TEVREDENHEID,Verstopping,Poort,aantal/maand,79.0,7.0,64.6,63.0,59.8,54.2,69.1,67.0,Mar/10,5.1
45,TEVREDENHEID,Verstopping,Poort,aantal/maand,79.0,7.0,64.6,63.0,59.8,54.2,69.1,67.0,Apr/10,9.0
45,TEVREDENHEID,Verstopping,Poort,aantal/maand,79.0,7.0,64.6,63.0,59.8,54.2,69.1,67.0,May/10,5.3
45,TEVREDENHEID,Verstopping,Poort,aantal/maand,79.0,7.0,64.6,63.0,59.8,54.2,69.1,67.0,Jun/10,3.7
45,TEVREDENHEID,Verstopping,Poort,aantal/maand,79.0,7.0,64.6,63.0,59.8,54.2,69.1,67.0,Jul/10,1.7
45,TEVREDENHEID,Verstopping,Poort,aantal/maand,79.0,7.0,64.6,63.0,59.8,54.2,69.1,67.0,Aug/10,0.4
45,TEVREDENHEID,Verstopping,Poort,aantal/maand,79.0,7.0,64.6,63.0,59.8,54.2,69.1,67.0,Sep/10,7.3
45,TEVREDENHEID,Verstopping,Poort,aantal/maand,79.0,7.0,64.6,63.0,59.8,54.2,69.1,67.0,Oct/10,7.3
45,TEVREDENHEID,Verstopping,Poort,aantal/maand,79.0,7.0,64.6,63.0,59.8,54.2,69.1,67.0,Nov/10,1.3
45,TEVREDENHEID,Verstopping,Poort,aantal/maand,79.0,7.0,64.6,63.0,59.8,54.2,69.1,67.0,Dec/10,6.9
45,TEVREDENHEID,Verstopping,Poort,aantal/maand,79.0,7.0,64.6,63.0,59.8,54.2,69.1,67.0,Jan/11,2.7
45,TEVREDENHEID,Verstopping,Poort,aantal/maand,79.0,7.0,64.6,63.0,59.8,54.2,69.1,67.0,Feb/11,7.1
45,TEVREDENHEID,Verstopping,Poort,aantal/maand,79.0,7.0,64.6,63.0,59.8,54.2,69.1,67.0,Mar/11,9.7
45,TEVREDENHEID,Verstopping,Poort,aantal/maand,79.0,7.0,64.6,63.0,59.8,54.2,69.1,67.0,Apr/11,1.8
45,TEVREDENHEID,Verstopping,Poort,aantal/maand,79.0,7.0,64.6,63.0,59.8,54.2,69.1,67.0,May/11,2.9
45,TEVREDENHEID,Verstopping,Poort,aantal/maand,79.0,7.0,64.6,63.0,59.8,54.2,69.1,67.0,Jun/11,1.4
45,TEVREDENHEID,Verstopping,Poort,aantal/maand,79.0,7.0,64.6,63.0,59.8,54.2,69.1,67.0,Jul/11,2.9
45,TEVREDENHEID,Verstopping,Poort,aantal/maand,79.0,7.0,64.6,63.0,59.8,54.2,69.1,67.0,Aug/11,7.6
45,TEVREDENHEID,Verstopping,Poort,aantal/maand,79.0,7.0,64.6,63.0,59.8,54.2,69.1,67.0,Sep/11,8.7
45,TEVREDENHEID,Verstopping,Poort,aantal/maand,79.0,7.0,64.6,63.0,59.8,54.2,69.1,67.0,Oct/11,0.2
45,TEVREDENHEID,Verstopping,Poort,aantal/maand,79.0,7.0,64.6,63.0,59.8,54.2,69.1,67.0,Nov/11,7.2
45,TEVREDENHEID,Verstopping,Poort,aantal/maand,79.0,7.0,64.6,63.0,59.8,54.2,69.1,67.0,Dec/11,7.7
45,TEVREDENHEID,Verstopping,Poort,aantal/maand,79.0,7.0,64.6,63.0,59.8,54.2,69.1,67.0,Jan/12,2.0
45,TEVREDENHEID,Verstopping,Poort,aantal/maand,79.0,7.0,64.6,63.0,59.8,54.2,69.1,67.0,Feb/12,5.6
45,TEVREDENHEID,Verstopping,Poort,aantal/maand,79.0,7.0,64.6,63.0,59.8,54.2,69.1,67.0,Mar/12,1.8
45,TEVREDENHEID,Verstopping,Poort,aantal/maand,79.0,7.0,64.6,63.0,59.8,54.2,69.1,67.0,Apr/12,8.4
45,TEVREDENHEID,Verstopping,Poort,aantal/maand,79.0,7.0,64.6,63.0,59.8,54.2,69.1,67.0,May/12,9.0
45,TEVREDENHEID,Verstopping,Poort,aantal/maand,79.0,7.0,64.6,63.0,59.8,54.2,69.1,67.0,Jun/12,5.0
45,TEVREDENHEID,Verstopping,Poort,aantal/maand,79.0,7.0,64.6,63.0,59.8,54.2,69.1,67.0,Jul/12,5.5
45,TEVREDENHEID,Verstopping,Poort,aantal/maand,79.0,7.0,64.6,63.0,59.8,54.2,69.1,67.0,Aug/12,5.7
45,TEVREDENHEID,Verstopping,Poort,aantal/maand,79.0,7.0,64.6,63.0,59.8,54.2,69.1,67.0,Sep/12,1.7
45,TEVREDENHEID,Verstopping,Poort,aantal/maand,79.0,7.0,64.6,63.0,59.8,54.2,69.1,67.0,Oct/12,2.3
45,TEVREDENHEID,Verstopping,Poort,aantal/maand,79.0,7.0,64.6,63.0,59.8,54.2,69.1,67.0,Nov/12,0.2
45,TEVREDENHEID,Verstopping,Poort,aantal/maand,79.0,7.0,64.6,63.0,59.8,54.2,69.1,67.0,Dec/12,7.2
45,TEVREDENHEID,Verstopping,Poort,aantal/maand,79.0,7.0,64.6,63.0,59.8,54.2,69.1,67.0,Jan/13,5.8
45,TEVREDENHEID,Verstopping,Poort,aantal/maand,79.0,7.0,64.6,63.0,59.8,54.2,69.1,67.0,Feb/13,10.0
45,TEVREDENHEID,Verstopping,Poort,aantal/maand,79.0,7.0,64.6,63.0,59.8,54.2,69.1,67.0,Mar/13,1.9
45,TEVREDENHEID,Verstopping,Poort,aantal/maand,79.0,7.0,64.6,63.0,59.8,54.2,69.1,67.0,Apr/13,9.2
45,TEVREDENHEID,Verstopping,Poort,aantal/maand,79.0,7.0,64.6,63.0,59.8,54.2,69.1,67.0,May/13,5.4
45,TEVREDENHEID,Verstopping,Poort,aantal/maand,79.0,7.0,64.6,63.0,59.8,54.2,69.1,67.0,Jun/13,2.3
45,TEVREDENHEID,Verstopping,Poort,aantal/maand,79.0,7.0,64.6,63.0,59.8,54.2,69.1,67.0,Jul/13,7.9
45,TEVREDENHEID,Verstopping,Poort,aantal/maand,79.0,7.0,64.6,63.0,59.8,54.2,69.1,67.0,Aug/13,9.8
45,TEVREDENHEID,Verstopping,Poort,aantal/maand,79.0,7.0,64.6,63.0,59.8,54.2,69.1,67.0,Sep/13,4.2
45,TEVREDENHEID,Verstopping,Poort,aantal/maand,79.0,7.0,64.6,63.0,59.8,54.2,69.1,67.0,Oct/13,5.4
45,TEVREDENHEID,Verstopping,Poort,aantal/maand,79.0,7.0,64.6,63.0,59.8,54.2,69.1,67.0,Nov/13,4.2
45,TEVREDENHEID,Verstopping,Poort,aantal/maand,79.0,7.0,64.6,63.0,59.8,54.2,69.1,67.0,Dec/13,3.0
45,TEVREDENHEID,Verstopping,Poort,aantal/maand,79.0,7.0,64.6,63.0,59.8,54.2,69.1,67.0,Jan/14,8.2
45,TEVREDENHEID,Verstopping,Poort,aantal/maand,79.0,7.0,64.6,63.0,59.8,54.2,69.1,67.0,Feb/14,0.7
45,TEVREDENHEID,Verstopping,Poort,aantal/maand,79.0,7.0,64.6,63.0,59.8,54.2,69.1,67.0,Mar/14,8.2
45,TEVREDENHEID,Verstopping,Poort,aantal/maand,79.0,7.0,64.6,63.0,59.8,54.2,69.1,67.0,Apr/14,5.0
45,TEVREDENHEID,Verstopping,Poort,aantal/maand,79.0,7.0,64.6,63.0,59.8,54.2,69.1,67.0,May/14,0.2
45,TEVREDENHEID,Verstopping,Poort,aantal/maand,79.0,7.0,64.6,63.0,59.8,54.2,69.1,67.0,Jun/14,6.4
45,TEVREDENHEID,Verstopping,Poort,aantal/maand,79.0,7.0,64.6,63.0,59.8,54.2,69.1,67.0,Jul/14,8.0
45,TEVREDENHEID,Verstopping,Poort,aantal/maand,79.0,7.0,64.6,63.0,59.8,54.2,69.1,67.0,Aug/14,9.4
45,TEVREDENHEID,Verstopping,Poort,aantal/maand,79.0,7.0,64.6,63.0,59.8,54.2,69.1,67.0,Sep/14,8.8
45,TEVREDENHEID,Verstopping,Poort,aantal/maand,79.0,7.0,64.6,63.0,59.8,54.2,69.1,67.0,Oct/14,2.8
45,TEVREDENHEID,Verstopping,Poort,aantal/maand,79.0,7.0,64.6,63.0,59.8,54.2,69.1,67.0,Nov/14,6.4
45,TEVREDENHEID,Verstopping,Poort,aantal/maand,79.0,7.0,64.6,63.0,59.8,54.2,69.1,67.0,Dec/14,5.3
45,TEVREDENHEID,Verstopping,Hout,aantal/maand,65.0,9.0,51.8,63.3,66.1,50.5,67.4,82.0,Jan/09,4.2
45,TEVREDENHEID,Verstopping,Hout,aantal/maand,65.0,9.0,51.8,63.3,66.1,50.5,67.4,82.0,Feb/09,1.6
45,TEVREDENHEID,Verstopping,Hout,aantal/maand,65.0,9.0,51.8,63.3,66.1,50.5,67.4,82.0,Mar/09,2.2
45,TEVREDENHEID,Verstopping,Hout,aantal/maand,65.0,9.0,51.8,63.3,66.1,50.5,67.4,82.0,Apr/09,5.9
45,TEVREDENHEID,Verstopping,Hout,aantal/maand,65.0,9.0,51.8,63.3,66.1,50.5,67.4,82.0,May/09,1.6
45,TEVREDENHEID,Verstopping,Hout,aantal/maand,65.0,9.0,51.8,63.3,66.1,50.5,67.4,82.0,Jun/09,4.5
45,TEVREDENHEID,Verstopping,Hout,aantal/maand,65.0,9.0,51.8,63.3,66.1,50.5,67.4,82.0,Jul/09,8.0
45,TEVREDENHEID,Verstopping,Hout,aantal/maand,65.0,9.0,51.8,63.3,66.1,50.5,67.4,82.0,Aug/09,9.8
45,TEVREDENHEID,Verstopping,Hout,aantal/maand,65.0,9.0,51.8,63.3,66.1,50.5,67.4,82.0,Sep/09,3.3
45,TEVREDENHEID,Verstopping,Hout,aantal/maand,65.0,9.0,51.8,63.3,66.1,50.5,67.4,82.0,Oct/09,6.6
45,TEVREDENHEID,Verstopping,Hout,aantal/maand,65.0,9.0,51.8,63.3,66.1,50.5,67.4,82.0,Nov/09,3.4
45,TEVREDENHEID,Verstopping,Hout,aantal/maand,65.0,9.0,51.8,63.3,66.1,50.5,67.4,82.0,Dec/09,0.7
45,TEVREDENHEID,Verstopping,Hout,aantal/maand,65.0,9.0,51.8,63.3,66.1,50.5,67.4,82.0,Jan/10,1.1
45,TEVREDENHEID,Verstopping,Hout,aantal/maand,65.0,9.0,51.8,63.3,66.1,50.5,67.4,82.0,Feb/10,8.3
45,TEVREDENHEID,Verstopping,Hout,aantal/maand,65.0,9.0,51.8,63.3,66.1,50.5,67.4,82.0,Mar/10,5.6
45,TEVREDENHEID,Verstopping,Hout,aantal/maand,65.0,9.0,51.8,63.3,66.1,50.5,67.4,82.0,Apr/10,9.4
45,TEVREDENHEID,Verstopping,Hout,aantal/maand,65.0,9.0,51.8,63.3,66.1,50.5,67.4,82.0,May/10,5.7
45,TEVREDENHEID,Verstopping,Hout,aantal/maand,65.0,9.0,51.8,63.3,66.1,50.5,67.4,82.0,Jun/10,6.5
45,TEVREDENHEID,Verstopping,Hout,aantal/maand,65.0,9.0,51.8,63.3,66.1,50.5,67.4,82.0,Jul/10,3.9
45,TEVREDENHEID,Verstopping,Hout,aantal/maand,65.0,9.0,51.8,63.3,66.1,50.5,67.4,82.0,Aug/10,2.9
45,TEVREDENHEID,Verstopping,Hout,aantal/maand,65.0,9.0,51.8,63.3,66.1,50.5,67.4,82.0,Sep/10,3.6
45,TEVREDENHEID,Verstopping,Hout,aantal/maand,65.0,9.0,51.8,63.3,66.1,50.5,67.4,82.0,Oct/10,4.3
45,TEVREDENHEID,Verstopping,Hout,aantal/maand,65.0,9.0,51.8,63.3,66.1,50.5,67.4,82.0,Nov/10,9.8
45,TEVREDENHEID,Verstopping,Hout,aantal/maand,65.0,9.0,51.8,63.3,66.1,50.5,67.4,82.0,Dec/10,2.3
45,TEVREDENHEID,Verstopping,Hout,aantal/maand,65.0,9.0,51.8,63.3,66.1,50.5,67.4,82.0,Jan/11,7.0
45,TEVREDENHEID,Verstopping,Hout,aantal/maand,65.0,9.0,51.8,63.3,66.1,50.5,67.4,82.0,Feb/11,1.1
45,TEVREDENHEID,Verstopping,Hout,aantal/maand,65.0,9.0,51.8,63.3,66.1,50.5,67.4,82.0,Mar/11,7.3
45,TEVREDENHEID,Verstopping,Hout,aantal/maand,65.0,9.0,51.8,63.3,66.1,50.5,67.4,82.0,Apr/11,8.3
45,TEVREDENHEID,Verstopping,Hout,aantal/maand,65.0,9.0,51.8,63.3,66.1,50.5,67.4,82.0,May/11,1.1
45,TEVREDENHEID,Verstopping,Hout,aantal/maand,65.0,9.0,51.8,63.3,66.1,50.5,67.4,82.0,Jun/11,3.6
45,TEVREDENHEID,Verstopping,Hout,aantal/maand,65.0,9.0,51.8,63.3,66.1,50.5,67.4,82.0,Jul/11,7.8
45,TEVREDENHEID,Verstopping,Hout,aantal/maand,65.0,9.0,51.8,63.3,66.1,50.5,67.4,82.0,Aug/11,9.0
45,TEVREDENHEID,Verstopping,Hout,aantal/maand,65.0,9.0,51.8,63.3,66.1,50.5,67.4,82.0,Sep/11,1.2
45,TEVREDENHEID,Verstopping,Hout,aantal/maand,65.0,9.0,51.8,63.3,66.1,50.5,67.4,82.0,Oct/11,2.0
45,TEVREDENHEID,Verstopping,Hout,aantal/maand,65.0,9.0,51.8,63.3,66.1,50.5,67.4,82.0,Nov/11,8.0
45,TEVREDENHEID,Verstopping,Hout,aantal/maand,65.0,9.0,51.8,63.3,66.1,50.5,67.4,82.0,Dec/11,9.7
45,TEVREDENHEID,Verstopping,Hout,aantal/maand,65.0,9.0,51.8,63.3,66.1,50.5,67.4,82.0,Jan/12,7.4
45,TEVREDENHEID,Verstopping,Hout,aantal/maand,65.0,9.0,51.8,63.3,66.1,50.5,67.4,82.0,Feb/12,4.6
45,TEVREDENHEID,Verstopping,Hout,aantal/maand,65.0,9.0,51.8,63.3,66.1,50.5,67.4,82.0,Mar/12,8.5
45,TEVREDENHEID,Verstopping,Hout,aantal/maand,65.0,9.0,51.8,63.3,66.1,50.5,67.4,82.0,Apr/12,3.3
45,TEVREDENHEID,Verstopping,Hout,aantal/maand,65.0,9.0,51.8,63.3,66.1,50.5,67.4,82.0,May/12,1.0
45,TEVREDENHEID,Verstopping,Hout,aantal/maand,65.0,9.0,51.8,63.3,66.1,50.5,67.4,82.0,Jun/12,5.5
45,TEVREDENHEID,Verstopping,Hout,aantal/maand,65.0,9.0,51.8,63.3,66.1,50.5,67.4,82.0,Jul/12,0.7
45,TEVREDENHEID,Verstopping,Hout,aantal/maand,65.0,9.0,51.8,63.3,66.1,50.5,67.4,82.0,Aug/12,5.1
45,TEVREDENHEID,Verstopping,Hout,aantal/maand,65.0,9.0,51.8,63.3,66.1,50.5,67.4,82.0,Sep/12,1.0
45,TEVREDENHEID,Verstopping,Hout,aantal/maand,65.0,9.0,51.8,63.3,66.1,50.5,67.4,82.0,Oct/12,3.1
45,TEVREDENHEID,Verstopping,Hout,aantal/maand,65.0,9.0,51.8,63.3,66.1,50.5,67.4,82.0,Nov/12,8.0
45,TEVREDENHEID,Verstopping,Hout,aantal/maand,65.0,9.0,51.8,63.3,66.1,50.5,67.4,82.0,Dec/12,2.2
45,TEVREDENHEID,Verstopping,Hout,aantal/maand,65.0,9.0,51.8,63.3,66.1,50.5,67.4,82.0,Jan/13,9.3
45,TEVREDENHEID,Verstopping,Hout,aantal/maand,65.0,9.0,51.8,63.3,66.1,50.5,67.4,82.0,Feb/13,5.4
45,TEVREDENHEID,Verstopping,Hout,aantal/maand,65.0,9.0,51.8,63.3,66.1,50.5,67.4,82.0,Mar/13,2.2
45,TEVREDENHEID,Verstopping,Hout,aantal/maand,65.0,9.0,51.8,63.3,66.1,50.5,67.4,82.0,Apr/13,8.8
45,TEVREDENHEID,Verstopping,Hout,aantal/maand,65.0,9.0,51.8,63.3,66.1,50.5,67.4,82.0,May/13,9.3
45,TEVREDENHEID,Verstopping,Hout,aantal/maand,65.0,9.0,51.8,63.3,66.1,50.5,67.4,82.0,Jun/13,2.1
45,TEVREDENHEID,Verstopping,Hout,aantal/maand,65.0,9.0,51.8,63.3,66.1,50.5,67.4,82.0,Jul/13,8.1
45,TEVREDENHEID,Verstopping,Hout,aantal/maand,65.0,9.0,51.8,63.3,66.1,50.5,67.4,82.0,Aug/13,6.4
45,TEVREDENHEID,Verstopping,Hout,aantal/maand,65.0,9.0,51.8,63.3,66.1,50.5,67.4,82.0,Sep/13,0.0
45,TEVREDENHEID,Verstopping,Hout,aantal/maand,65.0,9.0,51.8,63.3,66.1,50.5,67.4,82.0,Oct/13,4.3
45,TEVREDENHEID,Verstopping,Hout,aantal/maand,65.0,9.0,51.8,63.3,66.1,50.5,67.4,82.0,Nov/13,1.7
45,TEVREDENHEID,Verstopping,Hout,aantal/maand,65.0,9.0,51.8,63.3,66.1,50.5,67.4,82.0,Dec/13,9.8
45,TEVREDENHEID,Verstopping,Hout,aantal/maand,65.0,9.0,51.8,63.3,66.1,50.5,67.4,82.0,Jan/14,0.6
45,TEVREDENHEID,Verstopping,Hout,aantal/maand,65.0,9.0,51.8,63.3,66.1,50.5,67.4,82.0,Feb/14,2.6
45,TEVREDENHEID,Verstopping,Hout,aantal/maand,65.0,9.0,51.8,63.3,66.1,50.5,67.4,82.0,Mar/14,7.8
45,TEVREDENHEID,Verstopping,Hout,aantal/maand,65.0,9.0,51.8,63.3,66.1,50.5,67.4,82.0,Apr/14,4.9
45,TEVREDENHEID,Verstopping,Hout,aantal/maand,65.0,9.0,51.8,63.3,66.1,50.5,67.4,82.0,May/14,6.9
45,TEVREDENHEID,Verstopping,Hout,aantal/maand,65.0,9.0,51.8,63.3,66.1,50.5,67.4,82.0,Jun/14,5.9
45,TEVREDENHEID,Verstopping,Hout,aantal/maand,65.0,9.0,51.8,63.3,66.1,50.5,67.4,82.0,Jul/14,6.7
45,TEVREDENHEID,Verstopping,Hout,aantal/maand,65.0,9.0,51.8,63.3,66.1,50.5,67.4,82.0,Aug/14,7.0
45,TEVREDENHEID,Verstopping,Hout,aantal/maand,65.0,9.0,51.8,63.3,66.1,50.5,67.4,82.0,Sep/14,1.0
45,TEVREDENHEID,Verstopping,Hout,aantal/maand,65.0,9.0,51.8,63.3,66.1,50.5,67.4,82.0,Oct/14,6.2
45,TEVREDENHEID,Verstopping,Hout,aantal/maand,65.0,9.0,51.8,63.3,66.1,50.5,67.4,82.0,Nov/14,0.4
45,TEVREDENHEID,Verstopping,Hout,aantal/maand,65.0,9.0,51.8,63.3,66.1,50.5,67.4,82.0,Dec/14,3.7
45,TEVREDENHEID,Verstopping,Pampus,aantal/maand,45.0,6.0,49.3,72.1,48.3,46.0,53.9,78.0,Jan/09,9.7
45,TEVREDENHEID,Verstopping,Pampus,aantal/maand,45.0,6.0,49.3,72.1,48.3,46.0,53.9,78.0,Feb/09,0.8
45,TEVREDENHEID,Verstopping,Pampus,aantal/maand,45.0,6.0,49.3,72.1,48.3,46.0,53.9,78.0,Mar/09,7.2
45,TEVREDENHEID,Verstopping,Pampus,aantal/maand,45.0,6.0,49.3,72.1,48.3,46.0,53.9,78.0,Apr/09,0.4
45,TEVREDENHEID,Verstopping,Pampus,aantal/maand,45.0,6.0,49.3,72.1,48.3,46.0,53.9,78.0,May/09,1.5
45,TEVREDENHEID,Verstopping,Pampus,aantal/maand,45.0,6.0,49.3,72.1,48.3,46.0,53.9,78.0,Jun/09,2.7
45,TEVREDENHEID,Verstopping,Pampus,aantal/maand,45.0,6.0,49.3,72.1,48.3,46.0,53.9,78.0,Jul/09,6.3
45,TEVREDENHEID,Verstopping,Pampus,aantal/maand,45.0,6.0,49.3,72.1,48.3,46.0,53.9,78.0,Aug/09,2.7
45,TEVREDENHEID,Verstopping,Pampus,aantal/maand,45.0,6.0,49.3,72.1,48.3,46.0,53.9,78.0,Sep/09,7.5
45,TEVREDENHEID,Verstopping,Pampus,aantal/maand,45.0,6.0,49.3,72.1,48.3,46.0,53.9,78.0,Oct/09,7.7
45,TEVREDENHEID,Verstopping,Pampus,aantal/maand,45.0,6.0,49.3,72.1,48.3,46.0,53.9,78.0,Nov/09,0.7
45,TEVREDENHEID,Verstopping,Pampus,aantal/maand,45.0,6.0,49.3,72.1,48.3,46.0,53.9,78.0,Dec/09,2.0
45,TEVREDENHEID,Verstopping,Pampus,aantal/maand,45.0,6.0,49.3,72.1,48.3,46.0,53.9,78.0,Jan/10,2.4
45,TEVREDENHEID,Verstopping,Pampus,aantal/maand,45.0,6.0,49.3,72.1,48.3,46.0,53.9,78.0,Feb/10,8.0
45,TEVREDENHEID,Verstopping,Pampus,aantal/maand,45.0,6.0,49.3,72.1,48.3,46.0,53.9,78.0,Mar/10,4.5
45,TEVREDENHEID,Verstopping,Pampus,aantal/maand,45.0,6.0,49.3,72.1,48.3,46.0,53.9,78.0,Apr/10,9.7
45,TEVREDENHEID,Verstopping,Pampus,aantal/maand,45.0,6.0,49.3,72.1,48.3,46.0,53.9,78.0,May/10,3.1
45,TEVREDENHEID,Verstopping,Pampus,aantal/maand,45.0,6.0,49.3,72.1,48.3,46.0,53.9,78.0,Jun/10,8.8
45,TEVREDENHEID,Verstopping,Pampus,aantal/maand,45.0,6.0,49.3,72.1,48.3,46.0,53.9,78.0,Jul/10,9.1
45,TEVREDENHEID,Verstopping,Pampus,aantal/maand,45.0,6.0,49.3,72.1,48.3,46.0,53.9,78.0,Aug/10,8.4
45,TEVREDENHEID,Verstopping,Pampus,aantal/maand,45.0,6.0,49.3,72.1,48.3,46.0,53.9,78.0,Sep/10,7.1
45,TEVREDENHEID,Verstopping,Pampus,aantal/maand,45.0,6.0,49.3,72.1,48.3,46.0,53.9,78.0,Oct/10,6.9
45,TEVREDENHEID,Verstopping,Pampus,aantal/maand,45.0,6.0,49.3,72.1,48.3,46.0,53.9,78.0,Nov/10,4.2
45,TEVREDENHEID,Verstopping,Pampus,aantal/maand,45.0,6.0,49.3,72.1,48.3,46.0,53.9,78.0,Dec/10,0.1
45,TEVREDENHEID,Verstopping,Pampus,aantal/maand,45.0,6.0,49.3,72.1,48.3,46.0,53.9,78.0,Jan/11,0.2
45,TEVREDENHEID,Verstopping,Pampus,aantal/maand,45.0,6.0,49.3,72.1,48.3,46.0,53.9,78.0,Feb/11,5.8
45,TEVREDENHEID,Verstopping,Pampus,aantal/maand,45.0,6.0,49.3,72.1,48.3,46.0,53.9,78.0,Mar/11,0.8
45,TEVREDENHEID,Verstopping,Pampus,aantal/maand,45.0,6.0,49.3,72.1,48.3,46.0,53.9,78.0,Apr/11,7.8
45,TEVREDENHEID,Verstopping,Pampus,aantal/maand,45.0,6.0,49.3,72.1,48.3,46.0,53.9,78.0,May/11,1.5
45,TEVREDENHEID,Verstopping,Pampus,aantal/maand,45.0,6.0,49.3,72.1,48.3,46.0,53.9,78.0,Jun/11,4.6
45,TEVREDENHEID,Verstopping,Pampus,aantal/maand,45.0,6.0,49.3,72.1,48.3,46.0,53.9,78.0,Jul/11,8.7
45,TEVREDENHEID,Verstopping,Pampus,aantal/maand,45.0,6.0,49.3,72.1,48.3,46.0,53.9,78.0,Aug/11,1.6
45,TEVREDENHEID,Verstopping,Pampus,aantal/maand,45.0,6.0,49.3,72.1,48.3,46.0,53.9,78.0,Sep/11,8.7
45,TEVREDENHEID,Verstopping,Pampus,aantal/maand,45.0,6.0,49.3,72.1,48.3,46.0,53.9,78.0,Oct/11,0.8
45,TEVREDENHEID,Verstopping,Pampus,aantal/maand,45.0,6.0,49.3,72.1,48.3,46.0,53.9,78.0,Nov/11,4.0
45,TEVREDENHEID,Verstopping,Pampus,aantal/maand,45.0,6.0,49.3,72.1,48.3,46.0,53.9,78.0,Dec/11,3.8
45,TEVREDENHEID,Verstopping,Pampus,aantal/maand,45.0,6.0,49.3,72.1,48.3,46.0,53.9,78.0,Jan/12,5.1
45,TEVREDENHEID,Verstopping,Pampus,aantal/maand,45.0,6.0,49.3,72.1,48.3,46.0,53.9,78.0,Feb/12,6.0
45,TEVREDENHEID,Verstopping,Pampus,aantal/maand,45.0,6.0,49.3,72.1,48.3,46.0,53.9,78.0,Mar/12,0.5
45,TEVREDENHEID,Verstopping,Pampus,aantal/maand,45.0,6.0,49.3,72.1,48.3,46.0,53.9,78.0,Apr/12,0.8
45,TEVREDENHEID,Verstopping,Pampus,aantal/maand,45.0,6.0,49.3,72.1,48.3,46.0,53.9,78.0,May/12,0.4
45,TEVREDENHEID,Verstopping,Pampus,aantal/maand,45.0,6.0,49.3,72.1,48.3,46.0,53.9,78.0,Jun/12,2.7
45,TEVREDENHEID,Verstopping,Pampus,aantal/maand,45.0,6.0,49.3,72.1,48.3,46.0,53.9,78.0,Jul/12,6.8
45,TEVREDENHEID,Verstopping,Pampus,aantal/maand,45.0,6.0,49.3,72.1,48.3,46.0,53.9,78.0,Aug/12,5.5
45,TEVREDENHEID,Verstopping,Pampus,aantal/maand,45.0,6.0,49.3,72.1,48.3,46.0,53.9,78.0,Sep/12,0.7
45,TEVREDENHEID,Verstopping,Pampus,aantal/maand,45.0,6.0,49.3,72.1,48.3,46.0,53.9,78.0,Oct/12,5.9
45,TEVREDENHEID,Verstopping,Pampus,aantal/maand,45.0,6.0,49.3,72.1,48.3,46.0,53.9,78.0,Nov/12,2.1
45,TEVREDENHEID,Verstopping,Pampus,aantal/maand,45.0,6.0,49.3,72.1,48.3,46.0,53.9,78.0,Dec/12,9.5
45,TEVREDENHEID,Verstopping,Pampus,aantal/maand,45.0,6.0,49.3,72.1,48.3,46.0,53.9,78.0,Jan/13,2.3
45,TEVREDENHEID,Verstopping,Pampus,aantal/maand,45.0,6.0,49.3,72.1,48.3,46.0,53.9,78.0,Feb/13,7.6
45,TEVREDENHEID,Verstopping,Pampus,aantal/maand,45.0,6.0,49.3,72.1,48.3,46.0,53.9,78.0,Mar/13,3.4
45,TEVREDENHEID,Verstopping,Pampus,aantal/maand,45.0,6.0,49.3,72.1,48.3,46.0,53.9,78.0,Apr/13,4.2
45,TEVREDENHEID,Verstopping,Pampus,aantal/maand,45.0,6.0,49.3,72.1,48.3,46.0,53.9,78.0,May/13,0.1
45,TEVREDENHEID,Verstopping,Pampus,aantal/maand,45.0,6.0,49.3,72.1,48.3,46.0,53.9,78.0,Jun/13,6.8
45,TEVREDENHEID,Verstopping,Pampus,aantal/maand,45.0,6.0,49.3,72.1,48.3,46.0,53.9,78.0,Jul/13,5.1
45,TEVREDENHEID,Verstopping,Pampus,aantal/maand,45.0,6.0,49.3,72.1,48.3,46.0,53.9,78.0,Aug/13,8.4
45,TEVREDENHEID,Verstopping,Pampus,aantal/maand,45.0,6.0,49.3,72.1,48.3,46.0,53.9,78.0,Sep/13,2.5
45,TEVREDENHEID,Verstopping,Pampus,aantal/maand,45.0,6.0,49.3,72.1,48.3,46.0,53.9,78.0,Oct/13,6.0
45,TEVREDENHEID,Verstopping,Pampus,aantal/maand,45.0,6.0,49.3,72.1,48.3,46.0,53.9,78.0,Nov/13,5.6
45,TEVREDENHEID,Verstopping,Pampus,aantal/maand,45.0,6.0,49.3,72.1,48.3,46.0,53.9,78.0,Dec/13,1.8
45,TEVREDENHEID,Verstopping,Pampus,aantal/maand,45.0,6.0,49.3,72.1,48.3,46.0,53.9,78.0,Jan/14,9.4
45,TEVREDENHEID,Verstopping,Pampus,aantal/maand,45.0,6.0,49.3,72.1,48.3,46.0,53.9,78.0,Feb/14,8.3
45,TEVREDENHEID,Verstopping,Pampus,aantal/maand,45.0,6.0,49.3,72.1,48.3,46.0,53.9,78.0,Mar/14,8.7
45,TEVREDENHEID,Verstopping,Pampus,aantal/maand,45.0,6.0,49.3,72.1,48.3,46.0,53.9,78.0,Apr/14,9.6
45,TEVREDENHEID,Verstopping,Pampus,aantal/maand,45.0,6.0,49.3,72.1,48.3,46.0,53.9,78.0,May/14,9.0
45,TEVREDENHEID,Verstopping,Pampus,aantal/maand,45.0,6.0,49.3,72.1,48.3,46.0,53.9,78.0,Jun/14,2.4
45,TEVREDENHEID,Verstopping,Pampus,aantal/maand,45.0,6.0,49.3,72.1,48.3,46.0,53.9,78.0,Jul/14,3.0
45,TEVREDENHEID,Verstopping,Pampus,aantal/maand,45.0,6.0,49.3,72.1,48.3,46.0,53.9,78.0,Aug/14,1.1
45,TEVREDENHEID,Verstopping,Pampus,aantal/maand,45.0,6.0,49.3,72.1,48.3,46.0,53.9,78.0,Sep/14,0.3
45,TEVREDENHEID,Verstopping,Pampus,aantal/maand,45.0,6.0,49.3,72.1,48.3,46.0,53.9,78.0,Oct/14,9.4
45,TEVREDENHEID,Verstopping,Pampus,aantal/maand,45.0,6.0,49.3,72.1,48.3,46.0,53.9,78.0,Nov/14,8.5
45,TEVREDENHEID,Verstopping,Pampus,aantal/maand,45.0,6.0,49.3,72.1,48.3,46.0,53.9,78.0,Dec/14,7.9
45,TEVREDENHEID,Verstopping,Almere,aantal/maand,408.0,44.0,349.3,390.2,342.2,314.0,374.7,412.0,Jan/09,31.7
45,TEVREDENHEID,Verstopping,Almere,aantal/maand,408.0,44.0,349.3,390.2,342.2,314.0,374.7,412.0,Feb/09,23.6
45,TEVREDENHEID,Verstopping,Almere,aantal/maand,408.0,44.0,349.3,390.2,342.2,314.0,374.7,412.0,Mar/09,28.8
45,TEVREDENHEID,Verstopping,Almere,aantal/maand,408.0,44.0,349.3,390.2,342.2,314.0,374.7,412.0,Apr/09,28.8
45,TEVREDENHEID,Verstopping,Almere,aantal/maand,408.0,44.0,349.3,390.2,342.2,314.0,374.7,412.0,May/09,29.0
45,TEVREDENHEID,Verstopping,Almere,aantal/maand,408.0,44.0,349.3,390.2,342.2,314.0,374.7,412.0,Jun/09,18.5
45,TEVREDENHEID,Verstopping,Almere,aantal/maand,408.0,44.0,349.3,390.2,342.2,314.0,374.7,412.0,Jul/09,32.5
45,TEVREDENHEID,Verstopping,Almere,aantal/maand,408.0,44.0,349.3,390.2,342.2,314.0,374.7,412.0,Aug/09,39.8
45,TEVREDENHEID,Verstopping,Almere,aantal/maand,408.0,44.0,349.3,390.2,342.2,314.0,374.7,412.0,Sep/09,33.3
45,TEVREDENHEID,Verstopping,Almere,aantal/maand,408.0,44.0,349.3,390.2,342.2,314.0,374.7,412.0,Oct/09,40.0
45,TEVREDENHEID,Verstopping,Almere,aantal/maand,408.0,44.0,349.3,390.2,342.2,314.0,374.7,412.0,Nov/09,23.9
45,TEVREDENHEID,Verstopping,Almere,aantal/maand,408.0,44.0,349.3,390.2,342.2,314.0,374.7,412.0,Dec/09,19.4
45,TEVREDENHEID,Verstopping,Almere,aantal/maand,408.0,44.0,349.3,390.2,342.2,314.0,374.7,412.0,Jan/10,30.8
45,TEVREDENHEID,Verstopping,Almere,aantal/maand,408.0,44.0,349.3,390.2,342.2,314.0,374.7,412.0,Feb/10,42.0
45,TEVREDENHEID,Verstopping,Almere,aantal/maand,408.0,44.0,349.3,390.2,342.2,314.0,374.7,412.0,Mar/10,31.4
45,TEVREDENHEID,Verstopping,Almere,aantal/maand,408.0,44.0,349.3,390.2,342.2,314.0,374.7,412.0,Apr/10,38.3
45,TEVREDENHEID,Verstopping,Almere,aantal/maand,408.0,44.0,349.3,390.2,342.2,314.0,374.7,412.0,May/10,30.3
45,TEVREDENHEID,Verstopping,Almere,aantal/maand,408.0,44.0,349.3,390.2,342.2,314.0,374.7,412.0,Jun/10,38.3
45,TEVREDENHEID,Verstopping,Almere,aantal/maand,408.0,44.0,349.3,390.2,342.2,314.0,374.7,412.0,Jul/10,25.5
45,TEVREDENHEID,Verstopping,Almere,aantal/maand,408.0,44.0,349.3,390.2,342.2,314.0,374.7,412.0,Aug/10,31.6
45,TEVREDENHEID,Verstopping,Almere,aantal/maand,408.0,44.0,349.3,390.2,342.2,314.0,374.7,412.0,Sep/10,37.8
45,TEVREDENHEID,Verstopping,Almere,aantal/maand,408.0,44.0,349.3,390.2,342.2,314.0,374.7,412.0,Oct/10,28.4
45,TEVREDENHEID,Verstopping,Almere,aantal/maand,408.0,44.0,349.3,390.2,342.2,314.0,374.7,412.0,Nov/10,28.8
45,TEVREDENHEID,Verstopping,Almere,aantal/maand,408.0,44.0,349.3,390.2,342.2,314.0,374.7,412.0,Dec/10,26.9
45,TEVREDENHEID,Verstopping,Almere,aantal/maand,408.0,44.0,349.3,390.2,342.2,314.0,374.7,412.0,Jan/11,15.4
45,TEVREDENHEID,Verstopping,Almere,aantal/maand,408.0,44.0,349.3,390.2,342.2,314.0,374.7,412.0,Feb/11,30.9
45,TEVREDENHEID,Verstopping,Almere,aantal/maand,408.0,44.0,349.3,390.2,342.2,314.0,374.7,412.0,Mar/11,32.1
45,TEVREDENHEID,Verstopping,Almere,aantal/maand,408.0,44.0,349.3,390.2,342.2,314.0,374.7,412.0,Apr/11,39.0
45,TEVREDENHEID,Verstopping,Almere,aantal/maand,408.0,44.0,349.3,390.2,342.2,314.0,374.7,412.0,May/11,22.9
45,TEVREDENHEID,Verstopping,Almere,aantal/maand,408.0,44.0,349.3,390.2,342.2,314.0,374.7,412.0,Jun/11,27.4
45,TEVREDENHEID,Verstopping,Almere,aantal/maand,408.0,44.0,349.3,390.2,342.2,314.0,374.7,412.0,Jul/11,28.3
45,TEVREDENHEID,Verstopping,Almere,aantal/maand,408.0,44.0,349.3,390.2,342.2,314.0,374.7,412.0,Aug/11,24.5
45,TEVREDENHEID,Verstopping,Almere,aantal/maand,408.0,44.0,349.3,390.2,342.2,314.0,374.7,412.0,Sep/11,29.4
45,TEVREDENHEID,Verstopping,Almere,aantal/maand,408.0,44.0,349.3,390.2,342.2,314.0,374.7,412.0,Oct/11,25.9
45,TEVREDENHEID,Verstopping,Almere,aantal/maand,408.0,44.0,349.3,390.2,342.2,314.0,374.7,412.0,Nov/11,28.8
45,TEVREDENHEID,Verstopping,Almere,aantal/maand,408.0,44.0,349.3,390.2,342.2,314.0,374.7,412.0,Dec/11,37.7
45,TEVREDENHEID,Verstopping,Almere,aantal/maand,408.0,44.0,349.3,390.2,342.2,314.0,374.7,412.0,Jan/12,41.2
45,TEVREDENHEID,Verstopping,Almere,aantal/maand,408.0,44.0,349.3,390.2,342.2,314.0,374.7,412.0,Feb/12,19.9
45,TEVREDENHEID,Verstopping,Almere,aantal/maand,408.0,44.0,349.3,390.2,342.2,314.0,374.7,412.0,Mar/12,33.5
45,TEVREDENHEID,Verstopping,Almere,aantal/maand,408.0,44.0,349.3,390.2,342.2,314.0,374.7,412.0,Apr/12,22.3
45,TEVREDENHEID,Verstopping,Almere,aantal/maand,408.0,44.0,349.3,390.2,342.2,314.0,374.7,412.0,May/12,21.5
45,TEVREDENHEID,Verstopping,Almere,aantal/maand,408.0,44.0,349.3,390.2,342.2,314.0,374.7,412.0,Jun/12,22.3
45,TEVREDENHEID,Verstopping,Almere,aantal/maand,408.0,44.0,349.3,390.2,342.2,314.0,374.7,412.0,Jul/12,34.5
45,TEVREDENHEID,Verstopping,Almere,aantal/maand,408.0,44.0,349.3,390.2,342.2,314.0,374.7,412.0,Aug/12,24.7
45,TEVREDENHEID,Verstopping,Almere,aantal/maand,408.0,44.0,349.3,390.2,342.2,314.0,374.7,412.0,Sep/12,22.2
45,TEVREDENHEID,Verstopping,Almere,aantal/maand,408.0,44.0,349.3,390.2,342.2,314.0,374.7,412.0,Oct/12,23.0
45,TEVREDENHEID,Verstopping,Almere,aantal/maand,408.0,44.0,349.3,390.2,342.2,314.0,374.7,412.0,Nov/12,21.2
45,TEVREDENHEID,Verstopping,Almere,aantal/maand,408.0,44.0,349.3,390.2,342.2,314.0,374.7,412.0,Dec/12,27.7
45,TEVREDENHEID,Verstopping,Almere,aantal/maand,408.0,44.0,349.3,390.2,342.2,314.0,374.7,412.0,Jan/13,32.9
45,TEVREDENHEID,Verstopping,Almere,aantal/maand,408.0,44.0,349.3,390.2,342.2,314.0,374.7,412.0,Feb/13,41.0
45,TEVREDENHEID,Verstopping,Almere,aantal/maand,408.0,44.0,349.3,390.2,342.2,314.0,374.7,412.0,Mar/13,30.1
45,TEVREDENHEID,Verstopping,Almere,aantal/maand,408.0,44.0,349.3,390.2,342.2,314.0,374.7,412.0,Apr/13,44.4
45,TEVREDENHEID,Verstopping,Almere,aantal/maand,408.0,44.0,349.3,390.2,342.2,314.0,374.7,412.0,May/13,28.5
45,TEVREDENHEID,Verstopping,Almere,aantal/maand,408.0,44.0,349.3,390.2,342.2,314.0,374.7,412.0,Jun/13,22.6
45,TEVREDENHEID,Verstopping,Almere,aantal/maand,408.0,44.0,349.3,390.2,342.2,314.0,374.7,412.0,Jul/13,31.1
45,TEVREDENHEID,Verstopping,Almere,aantal/maand,408.0,44.0,349.3,390.2,342.2,314.0,374.7,412.0,Aug/13,43.4
45,TEVREDENHEID,Verstopping,Almere,aantal/maand,408.0,44.0,349.3,390.2,342.2,314.0,374.7,412.0,Sep/13,20.3
45,TEVREDENHEID,Verstopping,Almere,aantal/maand,408.0,44.0,349.3,390.2,342.2,314.0,374.7,412.0,Oct/13,26.3
45,TEVREDENHEID,Verstopping,Almere,aantal/maand,408.0,44.0,349.3,390.2,342.2,314.0,374.7,412.0,Nov/13,25.3
45,TEVREDENHEID,Verstopping,Almere,aantal/maand,408.0,44.0,349.3,390.2,342.2,314.0,374.7,412.0,Dec/13,28.9
45,TEVREDENHEID,Verstopping,Almere,aantal/maand,408.0,44.0,349.3,390.2,342.2,314.0,374.7,412.0,Jan/14,26.0
45,TEVREDENHEID,Verstopping,Almere,aantal/maand,408.0,44.0,349.3,390.2,342.2,314.0,374.7,412.0,Feb/14,30.1
45,TEVREDENHEID,Verstopping,Almere,aantal/maand,408.0,44.0,349.3,390.2,342.2,314.0,374.7,412.0,Mar/14,30.8
45,TEVREDENHEID,Verstopping,Almere,aantal/maand,408.0,44.0,349.3,390.2,342.2,314.0,374.7,412.0,Apr/14,26.4
45,TEVREDENHEID,Verstopping,Almere,aantal/maand,408.0,44.0,349.3,390.2,342.2,314.0,374.7,412.0,May/14,37.9
45,TEVREDENHEID,Verstopping,Almere,aantal/maand,408.0,44.0,349.3,390.2,342.2,314.0,374.7,412.0,Jun/14,20.5
45,TEVREDENHEID,Verstopping,Almere,aantal/maand,408.0,44.0,349.3,390.2,342.2,314.0,374.7,412.0,Jul/14,37.3
45,TEVREDENHEID,Verstopping,Almere,aantal/maand,408.0,44.0,349.3,390.2,342.2,314.0,374.7,412.0,Aug/14,37.3
45,TEVREDENHEID,Verstopping,Almere,aantal/maand,408.0,44.0,349.3,390.2,342.2,314.0,374.7,412.0,Sep/14,20.8
45,TEVREDENHEID,Verstopping,Almere,aantal/maand,408.0,44.0,349.3,390.2,342.2,314.0,374.7,412.0,Oct/14,28.6
45,TEVREDENHEID,Verstopping,Almere,aantal/maand,408.0,44.0,349.3,390.2,342.2,314.0,374.7,412.0,Nov/14,30.5
45,TEVREDENHEID,Verstopping,Almere,aantal/maand,408.0,44.0,349.3,390.2,342.2,314.0,374.7,412.0,Dec/14,30.5