ID_KPI,KPI,Gebied,Date,Value
1,TEVREDENHEID,Almere,Jan/09,6.9
1,TEVREDENHEID,Almere,Feb/09,6.5
1,TEVREDENHEID,Almere,Mar/09,6.4
1,TEVREDENHEID,Almere,Apr/09,6.9
1,TEVREDENHEID,Almere,May/09,7.7
1,TEVREDENHEID,Almere,Jun/09,6.4
1,TEVREDENHEID,Almere,Jul/09,5.0
1,TEVREDENHEID,Almere,Aug/09,4.8
1,TEVREDENHEID,Almere,Sep/09,4.3
1,TEVREDENHEID,Almere,Oct/09,5.0
1,TEVREDENHEID,Almere,Nov/09,3.8
1,TEVREDENHEID,Almere,Dec/09,4.2
1,TEVREDENHEID,Almere,Jan/10,3.5
1,TEVREDENHEID,Almere,Feb/10,4.7
1,TEVREDENHEID,Almere,Mar/10,3.9
1,TEVREDENHEID,Almere,Apr/10,4.0
1,TEVREDENHEID,Almere,May/10,3.6
1,TEVREDENHEID,Almere,Jun/10,4.3
1,TEVREDENHEID,Almere,Jul/10,6.0
1,TEVREDENHEID,Almere,Aug/10,5.4
1,TEVREDENHEID,Almere,Sep/10,4.6
1,TEVREDENHEID,Almere,Oct/10,2.5
1,TEVREDENHEID,Almere,Nov/10,1.9
1,TEVREDENHEID,Almere,Dec/10,1.6
1,TEVREDENHEID,Almere,Jan/11,3.4
1,TEVREDENHEID,Almere,Feb/11,3.6
1,TEVREDENHEID,Almere,Mar/11,5.6
1,TEVREDENHEID,Almere,Apr/11,5.6
1,TEVREDENHEID,Almere,May/11,6.3
1,TEVREDENHEID,Almere,Jun/11,4.1
1,TEVREDENHEID,Almere,Jul/11,2.2
1,TEVREDENHEID,Almere,Aug/11,1.0
1,TEVREDENHEID,Almere,Sep/11,1.8
1,TEVREDENHEID,Almere,Oct/11,4.7
1,TEVREDENHEID,Almere,Nov/11,7.3
1,TEVREDENHEID,Almere,Dec/11,7.6
1,TEVREDENHEID,Almere,Jan/12,6.9
1,TEVREDENHEID,Almere,Feb/12,5.3
1,TEVREDENHEID,Almere,Mar/12,6.7
1,TEVREDENHEID,Almere,Apr/12,7.2
1,TEVREDENHEID,Almere,May/12,6.9
1,TEVREDENHEID,Almere,Jun/12,4.8
1,TEVREDENHEID,Almere,Jul/12,4.5
1,TEVREDENHEID,Almere,Aug/12,6.4
1,TEVREDENHEID,Almere,Sep/12,7.3
1,TEVREDENHEID,Almere,Oct/12,6.0
1,TEVREDENHEID,Almere,Nov/12,5.3
1,TEVREDENHEID,Almere,Dec/12,4.1
1,TEVREDENHEID,Almere,Jan/13,3.2
1,TEVREDENHEID,Almere,Feb/13,1.1
1,TEVREDENHEID,Almere,Mar/13,3.7
1,TEVREDENHEID,Almere,Apr/13,5.1
1,TEVREDENHEID,Almere,May/13,6.1
1,TEVREDENHEID,Almere,Jun/13,5.0
1,TEVREDENHEID,Almere,Jul/13,4.9
1,TEVREDENHEID,Almere,Aug/13,5.0
1,TEVREDENHEID,Almere,Sep/13,4.2
1,TEVREDENHEID,Almere,Oct/13,3.3
1,TEVREDENHEID,Almere,Nov/13,2.2
1,TEVREDENHEID,Almere,Dec/13,4.3
1,TEVREDENHEID,Almere,Jan/14,4.1
1,TEVREDENHEID,Almere,Feb/14,7.1
1,TEVREDENHEID,Almere,Mar/14,7.2
1,TEVREDENHEID,Almere,Apr/14,8.5
1,TEVREDENHEID,Almere,May/14,5.6
1,TEVREDENHEID,Almere,Jun/14,2.9
1,TEVREDENHEID,Almere,Jul/14,3.5
1,TEVREDENHEID,Almere,Aug/14,6.3
1,TEVREDENHEID,Almere,Sep/14,8.8
1,TEVREDENHEID,Almere,Oct/14,7.1
1,TEVREDENHEID,Almere,Nov/14,5.3
1,TEVREDENHEID,Almere,Dec/14,2.6
1,TEVREDENHEID,Buiten,Jan/09,2.1
1,TEVREDENHEID,Buiten,Feb/09,1.8
1,TEVREDENHEID,Buiten,Mar/09,4.2
1,TEVREDENHEID,Buiten,Apr/09,6.9
1,TEVREDENHEID,Buiten,May/09,7.7
1,TEVREDENHEID,Buiten,Jun/09,6.8
1,TEVREDENHEID,Buiten,Jul/09,6.9
1,TEVREDENHEID,Buiten,Aug/09,8.0
1,TEVREDENHEID,Buiten,Sep/09,9.0
1,TEVREDENHEID,Buiten,Oct/09,6.2
1,TEVREDENHEID,Buiten,Nov/09,3.5
1,TEVREDENHEID,Buiten,Dec/09,1.9
1,TEVREDENHEID,Buiten,Jan/10,3.4
1,TEVREDENHEID,Buiten,Feb/10,6.0
1,TEVREDENHEID,Buiten,Mar/10,7.8
1,TEVREDENHEID,Buiten,Apr/10,7.6
1,TEVREDENHEID,Buiten,May/10,7.2
1,TEVREDENHEID,Buiten,Jun/10,7.0
1,TEVREDENHEID,Buiten,Jul/10,7.6
1,TEVREDENHEID,Buiten,Aug/10,5.7
1,TEVREDENHEID,Buiten,Sep/10,5.5
1,TEVREDENHEID,Buiten,Oct/10,5.7
1,TEVREDENHEID,Buiten,Nov/10,5.5
1,TEVREDENHEID,Buiten,Dec/10,4.2
1,TEVREDENHEID,Buiten,Jan/11,3.0
1,TEVREDENHEID,Buiten,Feb/11,3.4
1,TEVREDENHEID,Buiten,Mar/11,3.4
1,TEVREDENHEID,Buiten,Apr/11,2.6
1,TEVREDENHEID,Buiten,May/11,2.4
1,TEVREDENHEID,Buiten,Jun/11,1.6
1,TEVREDENHEID,Buiten,Jul/11,1.6
1,TEVREDENHEID,Buiten,Aug/11,1.9
1,TEVREDENHEID,Buiten,Sep/11,2.4
1,TEVREDENHEID,Buiten,Oct/11,2.5
1,TEVREDENHEID,Buiten,Nov/11,3.2
1,TEVREDENHEID,Buiten,Dec/11,5.2
1,TEVREDENHEID,Buiten,Jan/12,5.7
1,TEVREDENHEID,Buiten,Feb/12,4.4
1,TEVREDENHEID,Buiten,Mar/12,3.9
1,TEVREDENHEID,Buiten,Apr/12,5.2
1,TEVREDENHEID,Buiten,May/12,7.8
1,TEVREDENHEID,Buiten,Jun/12,5.6
1,TEVREDENHEID,Buiten,Jul/12,5.0
1,TEVREDENHEID,Buiten,Aug/12,4.1
1,TEVREDENHEID,Buiten,Sep/12,6.0
1,TEVREDENHEID,Buiten,Oct/12,6.8
1,TEVREDENHEID,Buiten,Nov/12,5.3
1,TEVREDENHEID,Buiten,Dec/12,6.1
1,TEVREDENHEID,Buiten,Jan/13,5.6
1,TEVREDENHEID,Buiten,Feb/13,7.1
1,TEVREDENHEID,Buiten,Mar/13,4.4
1,TEVREDENHEID,Buiten,Apr/13,5.0
1,TEVREDENHEID,Buiten,May/13,5.1
1,TEVREDENHEID,Buiten,Jun/13,7.7
1,TEVREDENHEID,Buiten,Jul/13,7.7
1,TEVREDENHEID,Buiten,Aug/13,5.9
1,TEVREDENHEID,Buiten,Sep/13,4.6
1,TEVREDENHEID,Buiten,Oct/13,2.7
1,TEVREDENHEID,Buiten,Nov/13,3.0
1,TEVREDENHEID,Buiten,Dec/13,1.9
1,TEVREDENHEID,Buiten,Jan/14,1.9
1,TEVREDENHEID,Buiten,Feb/14,2.3
1,TEVREDENHEID,Buiten,Mar/14,2.4
1,TEVREDENHEID,Buiten,Apr/14,2.3
1,TEVREDENHEID,Buiten,May/14,2.5
1,TEVREDENHEID,Buiten,Jun/14,4.2
1,TEVREDENHEID,Buiten,Jul/14,4.1
1,TEVREDENHEID,Buiten,Aug/14,3.4
1,TEVREDENHEID,Buiten,Sep/14,2.5
1,TEVREDENHEID,Buiten,Oct/14,4.6
1,TEVREDENHEID,Buiten,Nov/14,6.5
1,TEVREDENHEID,Buiten,Dec/14,7.8
1,TEVREDENHEID,Haven,Jan/09,7.8
1,TEVREDENHEID,Haven,Feb/09,7.0
1,TEVREDENHEID,Haven,Mar/09,7.5
1,TEVREDENHEID,Haven,Apr/09,6.8
1,TEVREDENHEID,Haven,May/09,6.1
1,TEVREDENHEID,Haven,Jun/09,4.9
1,TEVREDENHEID,Haven,Jul/09,5.1
1,TEVREDENHEID,Haven,Aug/09,4.5
1,TEVREDENHEID,Haven,Sep/09,4.7
1,TEVREDENHEID,Haven,Oct/09,4.6
1,TEVREDENHEID,Haven,Nov/09,4.6
1,TEVREDENHEID,Haven,Dec/09,4.8
1,TEVREDENHEID,Haven,Jan/10,6.0
1,TEVREDENHEID,Haven,Feb/10,7.0
1,TEVREDENHEID,Haven,Mar/10,6.0
1,TEVREDENHEID,Haven,Apr/10,3.7
1,TEVREDENHEID,Haven,May/10,4.8
1,TEVREDENHEID,Haven,Jun/10,3.7
1,TEVREDENHEID,Haven,Jul/10,3.9
1,TEVREDENHEID,Haven,Aug/10,2.8
1,TEVREDENHEID,Haven,Sep/10,3.9
1,TEVREDENHEID,Haven,Oct/10,3.1
1,TEVREDENHEID,Haven,Nov/10,4.9
1,TEVREDENHEID,Haven,Dec/10,6.7
1,TEVREDENHEID,Haven,Jan/11,8.6
1,TEVREDENHEID,Haven,Feb/11,5.8
1,TEVREDENHEID,Haven,Mar/11,3.3
1,TEVREDENHEID,Haven,Apr/11,4.1
1,TEVREDENHEID,Haven,May/11,4.1
1,TEVREDENHEID,Haven,Jun/11,5.1
1,TEVREDENHEID,Haven,Jul/11,5.1
1,TEVREDENHEID,Haven,Aug/11,7.3
1,TEVREDENHEID,Haven,Sep/11,8.7
1,TEVREDENHEID,Haven,Oct/11,6.0
1,TEVREDENHEID,Haven,Nov/11,6.1
1,TEVREDENHEID,Haven,Dec/11,3.3
1,TEVREDENHEID,Haven,Jan/12,4.6
1,TEVREDENHEID,Haven,Feb/12,4.2
1,TEVREDENHEID,Haven,Mar/12,6.8
1,TEVREDENHEID,Haven,Apr/12,5.8
1,TEVREDENHEID,Haven,May/12,5.9
1,TEVREDENHEID,Haven,Jun/12,5.2
1,TEVREDENHEID,Haven,Jul/12,4.9
1,TEVREDENHEID,Haven,Aug/12,3.5
1,TEVREDENHEID,Haven,Sep/12,2.1
1,TEVREDENHEID,Haven,Oct/12,3.2
1,TEVREDENHEID,Haven,Nov/12,2.7
1,TEVREDENHEID,Haven,Dec/12,4.6
1,TEVREDENHEID,Haven,Jan/13,5.2
1,TEVREDENHEID,Haven,Feb/13,5.2
1,TEVREDENHEID,Haven,Mar/13,3.2
1,TEVREDENHEID,Haven,Apr/13,2.1
1,TEVREDENHEID,Haven,May/13,4.8
1,TEVREDENHEID,Haven,Jun/13,4.4
1,TEVREDENHEID,Haven,Jul/13,5.7
1,TEVREDENHEID,Haven,Aug/13,3.9
1,TEVREDENHEID,Haven,Sep/13,6.7
1,TEVREDENHEID,Haven,Oct/13,4.7
1,TEVREDENHEID,Haven,Nov/13,3.8
1,TEVREDENHEID,Haven,Dec/13,1.1
1,TEVREDENHEID,Haven,Jan/14,3.5
1,TEVREDENHEID,Haven,Feb/14,4.0
1,TEVREDENHEID,Haven,Mar/14,3.9
1,TEVREDENHEID,Haven,Apr/14,4.6
1,TEVREDENHEID,Haven,May/14,5.2
1,TEVREDENHEID,Haven,Jun/14,8.0
1,TEVREDENHEID,Haven,Jul/14,7.9
1,TEVREDENHEID,Haven,Aug/14,8.6
1,TEVREDENHEID,Haven,Sep/14,6.5
1,TEVREDENHEID,Haven,Oct/14,6.4
1,TEVREDENHEID,Haven,Nov/14,7.1
1,TEVREDENHEID,Haven,Dec/14,8.1
1,TEVREDENHEID,Hout,Jan/09,5.8
1,TEVREDENHEID,Hout,Feb/09,4.1
1,TEVREDENHEID,Hout,Mar/09,2.4
1,TEVREDENHEID,Hout,Apr/09,2.0
1,TEVREDENHEID,Hout,May/09,3.2
1,TEVREDENHEID,Hout,Jun/09,3.6
1,TEVREDENHEID,Hout,Jul/09,5.3
1,TEVREDENHEID,Hout,Aug/09,4.6
1,TEVREDENHEID,Hout,Sep/09,5.0
1,TEVREDENHEID,Hout,Oct/09,4.8
1,TEVREDENHEID,Hout,Nov/09,3.9
1,TEVREDENHEID,Hout,Dec/09,4.0
1,TEVREDENHEID,Hout,Jan/10,3.6
1,TEVREDENHEID,Hout,Feb/10,3.1
1,TEVREDENHEID,Hout,Mar/10,3.1
1,TEVREDENHEID,Hout,Apr/10,3.7
1,TEVREDENHEID,Hout,May/10,5.3
1,TEVREDENHEID,Hout,Jun/10,6.4
1,TEVREDENHEID,Hout,Jul/10,7.8
1,TEVREDENHEID,Hout,Aug/10,8.6
1,TEVREDENHEID,Hout,Sep/10,6.9
1,TEVREDENHEID,Hout,Oct/10,5.6
1,TEVREDENHEID,Hout,Nov/10,3.1
1,TEVREDENHEID,Hout,Dec/10,5.1
1,TEVREDENHEID,Hout,Jan/11,4.8
1,TEVREDENHEID,Hout,Feb/11,6.9
1,TEVREDENHEID,Hout,Mar/11,5.0
1,TEVREDENHEID,Hout,Apr/11,6.5
1,TEVREDENHEID,Hout,May/11,6.9
1,TEVREDENHEID,Hout,Jun/11,8.0
1,TEVREDENHEID,Hout,Jul/11,7.9
1,TEVREDENHEID,Hout,Aug/11,5.9
1,TEVREDENHEID,Hout,Sep/11,6.4
1,TEVREDENHEID,Hout,Oct/11,3.6
1,TEVREDENHEID,Hout,Nov/11,5.4
1,TEVREDENHEID,Hout,Dec/11,4.8
1,TEVREDENHEID,Hout,Jan/12,5.9
1,TEVREDENHEID,Hout,Feb/12,4.7
1,TEVREDENHEID,Hout,Mar/12,5.9
1,TEVREDENHEID,Hout,Apr/12,7.0
1,TEVREDENHEID,Hout,May/12,6.7
1,TEVREDENHEID,Hout,Jun/12,4.4
1,TEVREDENHEID,Hout,Jul/12,5.0
1,TEVREDENHEID,Hout,Aug/12,5.4
1,TEVREDENHEID,Hout,Sep/12,5.2
1,TEVREDENHEID,Hout,Oct/12,2.7
1,TEVREDENHEID,Hout,Nov/12,1.5
1,TEVREDENHEID,Hout,Dec/12,3.1
1,TEVREDENHEID,Hout,Jan/13,3.2
1,TEVREDENHEID,Hout,Feb/13,3.2
1,TEVREDENHEID,Hout,Mar/13,2.5
1,TEVREDENHEID,Hout,Apr/13,2.5
1,TEVREDENHEID,Hout,May/13,3.9
1,TEVREDENHEID,Hout,Jun/13,4.9
1,TEVREDENHEID,Hout,Jul/13,4.4
1,TEVREDENHEID,Hout,Aug/13,3.6
1,TEVREDENHEID,Hout,Sep/13,2.1
1,TEVREDENHEID,Hout,Oct/13,4.1
1,TEVREDENHEID,Hout,Nov/13,5.8
1,TEVREDENHEID,Hout,Dec/13,6.0
1,TEVREDENHEID,Hout,Jan/14,5.7
1,TEVREDENHEID,Hout,Feb/14,5.7
1,TEVREDENHEID,Hout,Mar/14,4.9
1,TEVREDENHEID,Hout,Apr/14,5.4
1,TEVREDENHEID,Hout,May/14,3.2
1,TEVREDENHEID,Hout,Jun/14,3.6
1,TEVREDENHEID,Hout,Jul/14,1.5
1,TEVREDENHEID,Hout,Aug/14,4.3
1,TEVREDENHEID,Hout,Sep/14,3.9
1,TEVREDENHEID,Hout,Oct/14,3.8
1,TEVREDENHEID,Hout,Nov/14,2.9
1,TEVREDENHEID,Hout,Dec/14,5.2
1,TEVREDENHEID,Pampus,Jan/09,5.7
1,TEVREDENHEID,Pampus,Feb/09,3.8
1,TEVREDENHEID,Pampus,Mar/09,3.5
1,TEVREDENHEID,Pampus,Apr/09,4.4
1,TEVREDENHEID,Pampus,May/09,6.4
1,TEVREDENHEID,Pampus,Jun/09,5.3
1,TEVREDENHEID,Pampus,Jul/09,6.0
1,TEVREDENHEID,Pampus,Aug/09,6.2
1,TEVREDENHEID,Pampus,Sep/09,8.0
1,TEVREDENHEID,Pampus,Oct/09,8.3
1,TEVREDENHEID,Pampus,Nov/09,8.0
1,TEVREDENHEID,Pampus,Dec/09,8.1
1,TEVREDENHEID,Pampus,Jan/10,8.6
1,TEVREDENHEID,Pampus,Feb/10,7.7
1,TEVREDENHEID,Pampus,Mar/10,6.2
1,TEVREDENHEID,Pampus,Apr/10,4.3
1,TEVREDENHEID,Pampus,May/10,5.5
1,TEVREDENHEID,Pampus,Jun/10,6.6
1,TEVREDENHEID,Pampus,Jul/10,8.3
1,TEVREDENHEID,Pampus,Aug/10,8.2
1,TEVREDENHEID,Pampus,Sep/10,7.7
1,TEVREDENHEID,Pampus,Oct/10,6.4
1,TEVREDENHEID,Pampus,Nov/10,7.1
1,TEVREDENHEID,Pampus,Dec/10,8.3
1,TEVREDENHEID,Pampus,Jan/11,6.9
1,TEVREDENHEID,Pampus,Feb/11,5.1
1,TEVREDENHEID,Pampus,Mar/11,4.0
1,TEVREDENHEID,Pampus,Apr/11,5.4
1,TEVREDENHEID,Pampus,May/11,5.3
1,TEVREDENHEID,Pampus,Jun/11,4.5
1,TEVREDENHEID,Pampus,Jul/11,3.0
1,TEVREDENHEID,Pampus,Aug/11,1.9
1,TEVREDENHEID,Pampus,Sep/11,4.0
1,TEVREDENHEID,Pampus,Oct/11,4.2
1,TEVREDENHEID,Pampus,Nov/11,7.2
1,TEVREDENHEID,Pampus,Dec/11,6.5
1,TEVREDENHEID,Pampus,Jan/12,7.0
1,TEVREDENHEID,Pampus,Feb/12,4.9
1,TEVREDENHEID,Pampus,Mar/12,2.6
1,TEVREDENHEID,Pampus,Apr/12,2.7
1,TEVREDENHEID,Pampus,May/12,3.6
1,TEVREDENHEID,Pampus,Jun/12,3.8
1,TEVREDENHEID,Pampus,Jul/12,3.0
1,TEVREDENHEID,Pampus,Aug/12,1.1
1,TEVREDENHEID,Pampus,Sep/12,1.8
1,TEVREDENHEID,Pampus,Oct/12,3.0
1,TEVREDENHEID,Pampus,Nov/12,5.6
1,TEVREDENHEID,Pampus,Dec/12,4.7
1,TEVREDENHEID,Pampus,Jan/13,3.8
1,TEVREDENHEID,Pampus,Feb/13,1.2
1,TEVREDENHEID,Pampus,Mar/13,2.1
1,TEVREDENHEID,Pampus,Apr/13,1.9
1,TEVREDENHEID,Pampus,May/13,2.3
1,TEVREDENHEID,Pampus,Jun/13,2.4
1,TEVREDENHEID,Pampus,Jul/13,3.8
1,TEVREDENHEID,Pampus,Aug/13,4.3
1,TEVREDENHEID,Pampus,Sep/13,4.6
1,TEVREDENHEID,Pampus,Oct/13,3.3
1,TEVREDENHEID,Pampus,Nov/13,5.3
1,TEVREDENHEID,Pampus,Dec/13,6.0
1,TEVREDENHEID,Pampus,Jan/14,7.3
1,TEVREDENHEID,Pampus,Feb/14,4.3
1,TEVREDENHEID,Pampus,Mar/14,2.4
1,TEVREDENHEID,Pampus,Apr/14,3.7
1,TEVREDENHEID,Pampus,May/14,6.2
1,TEVREDENHEID,Pampus,Jun/14,6.9
1,TEVREDENHEID,Pampus,Jul/14,5.8
1,TEVREDENHEID,Pampus,Aug/14,3.3
1,TEVREDENHEID,Pampus,Sep/14,2.6
1,TEVREDENHEID,Pampus,Oct/14,1.0
1,TEVREDENHEID,Pampus,Nov/14,3.6
1,TEVREDENHEID,Pampus,Dec/14,5.8
1,TEVREDENHEID,Poort,Jan/09,8.3
1,TEVREDENHEID,Poort,Feb/09,6.5
1,TEVREDENHEID,Poort,Mar/09,5.6
1,TEVREDENHEID,Poort,Apr/09,4.5
1,TEVREDENHEID,Poort,May/09,6.4
1,TEVREDENHEID,Poort,Jun/09,7.1
1,TEVREDENHEID,Poort,Jul/09,8.3
1,TEVREDENHEID,Poort,Aug/09,6.6
1,TEVREDENHEID,Poort,Sep/09,7.5
1,TEVREDENHEID,Poort,Oct/09,6.6
1,TEVREDENHEID,Poort,Nov/09,5.7
1,TEVREDENHEID,Poort,Dec/09,3.2
1,TEVREDENHEID,Poort,Jan/10,3.3
1,TEVREDENHEID,Poort,Feb/10,4.6
1,TEVREDENHEID,Poort,Mar/10,4.1
1,TEVREDENHEID,Poort,Apr/10,4.4
1,TEVREDENHEID,Poort,May/10,3.1
1,TEVREDENHEID,Poort,Jun/10,4.8
1,TEVREDENHEID,Poort,Jul/10,3.9
1,TEVREDENHEID,Poort,Aug/10,4.2
1,TEVREDENHEID,Poort,Sep/10,4.1
1,TEVREDENHEID,Poort,Oct/10,3.0
1,TEVREDENHEID,Poort,Nov/10,3.4
1,TEVREDENHEID,Poort,Dec/10,4.1
1,TEVREDENHEID,Poort,Jan/11,6.6
1,TEVREDENHEID,Poort,Feb/11,7.8
1,TEVREDENHEID,Poort,Mar/11,5.5
1,TEVREDENHEID,Poort,Apr/11,4.3
1,TEVREDENHEID,Poort,May/11,5.0
1,TEVREDENHEID,Poort,Jun/11,4.9
1,TEVREDENHEID,Poort,Jul/11,4.7
1,TEVREDENHEID,Poort,Aug/11,2.9
1,TEVREDENHEID,Poort,Sep/11,5.5
1,TEVREDENHEID,Poort,Oct/11,7.3
1,TEVREDENHEID,Poort,Nov/11,6.8
1,TEVREDENHEID,Poort,Dec/11,7.0
1,TEVREDENHEID,Poort,Jan/12,6.4
1,TEVREDENHEID,Poort,Feb/12,8.7
1,TEVREDENHEID,Poort,Mar/12,5.8
1,TEVREDENHEID,Poort,Apr/12,3.9
1,TEVREDENHEID,Poort,May/12,1.4
1,TEVREDENHEID,Poort,Jun/12,3.9
1,TEVREDENHEID,Poort,Jul/12,5.0
1,TEVREDENHEID,Poort,Aug/12,6.3
1,TEVREDENHEID,Poort,Sep/12,6.7
1,TEVREDENHEID,Poort,Oct/12,5.4
1,TEVREDENHEID,Poort,Nov/12,5.7
1,TEVREDENHEID,Poort,Dec/12,4.6
1,TEVREDENHEID,Poort,Jan/13,6.1
1,TEVREDENHEID,Poort,Feb/13,7.0
1,TEVREDENHEID,Poort,Mar/13,7.5
1,TEVREDENHEID,Poort,Apr/13,6.0
1,TEVREDENHEID,Poort,May/13,5.1
1,TEVREDENHEID,Poort,Jun/13,3.7
1,TEVREDENHEID,Poort,Jul/13,6.0
1,TEVREDENHEID,Poort,Aug/13,5.7
1,TEVREDENHEID,Poort,Sep/13,4.8
1,TEVREDENHEID,Poort,Oct/13,3.7
1,TEVREDENHEID,Poort,Nov/13,3.4
1,TEVREDENHEID,Poort,Dec/13,3.5
1,TEVREDENHEID,Poort,Jan/14,3.3
1,TEVREDENHEID,Poort,Feb/14,2.5
1,TEVREDENHEID,Poort,Mar/14,3.9
1,TEVREDENHEID,Poort,Apr/14,4.6
1,TEVREDENHEID,Poort,May/14,7.1
1,TEVREDENHEID,Poort,Jun/14,5.7
1,TEVREDENHEID,Poort,Jul/14,6.4
1,TEVREDENHEID,Poort,Aug/14,4.1
1,TEVREDENHEID,Poort,Sep/14,4.6
1,TEVREDENHEID,Poort,Oct/14,2.6
1,TEVREDENHEID,Poort,Nov/14,2.9
1,TEVREDENHEID,Poort,Dec/14,2.7
1,TEVREDENHEID,Stad,Jan/09,2.3
1,TEVREDENHEID,Stad,Feb/09,2.0
1,TEVREDENHEID,Stad,Mar/09,2.5
1,TEVREDENHEID,Stad,Apr/09,4.3
1,TEVREDENHEID,Stad,May/09,6.9
1,TEVREDENHEID,Stad,Jun/09,6.7
1,TEVREDENHEID,Stad,Jul/09,5.0
1,TEVREDENHEID,Stad,Aug/09,3.2
1,TEVREDENHEID,Stad,Sep/09,5.0
1,TEVREDENHEID,Stad,Oct/09,7.1
1,TEVREDENHEID,Stad,Nov/09,6.3
1,TEVREDENHEID,Stad,Dec/09,5.1
1,TEVREDENHEID,Stad,Jan/10,4.1
1,TEVREDENHEID,Stad,Feb/10,3.9
1,TEVREDENHEID,Stad,Mar/10,4.9
1,TEVREDENHEID,Stad,Apr/10,4.4
1,TEVREDENHEID,Stad,May/10,4.8
1,TEVREDENHEID,Stad,Jun/10,4.2
1,TEVREDENHEID,Stad,Jul/10,3.7
1,TEVREDENHEID,Stad,Aug/10,3.2
1,TEVREDENHEID,Stad,Sep/10,3.0
1,TEVREDENHEID,Stad,Oct/10,3.1
1,TEVREDENHEID,Stad,Nov/10,5.2
1,TEVREDENHEID,Stad,Dec/10,5.8
1,TEVREDENHEID,Stad,Jan/11,7.9
1,TEVREDENHEID,Stad,Feb/11,6.6
1,TEVREDENHEID,Stad,Mar/11,6.3
1,TEVREDENHEID,Stad,Apr/11,4.1
1,TEVREDENHEID,Stad,May/11,4.7
1,TEVREDENHEID,Stad,Jun/11,3.5
1,TEVREDENHEID,Stad,Jul/11,2.8
1,TEVREDENHEID,Stad,Aug/11,1.5
1,TEVREDENHEID,Stad,Sep/11,1.9
1,TEVREDENHEID,Stad,Oct/11,4.4
1,TEVREDENHEID,Stad,Nov/11,7.2
1,TEVREDENHEID,Stad,Dec/11,8.8
1,TEVREDENHEID,Stad,Jan/12,8.6
1,TEVREDENHEID,Stad,Feb/12,6.7
1,TEVREDENHEID,Stad,Mar/12,5.9
1,TEVREDENHEID,Stad,Apr/12,4.4
1,TEVREDENHEID,Stad,May/12,4.0
1,TEVREDENHEID,Stad,Jun/12,3.2
1,TEVREDENHEID,Stad,Jul/12,4.3
1,TEVREDENHEID,Stad,Aug/12,5.7
1,TEVREDENHEID,Stad,Sep/12,6.7
1,TEVREDENHEID,Stad,Oct/12,6.3
1,TEVREDENHEID,Stad,Nov/12,5.5
1,TEVREDENHEID,Stad,Dec/12,4.5
1,TEVREDENHEID,Stad,Jan/13,5.1
1,TEVREDENHEID,Stad,Feb/13,4.9
1,TEVREDENHEID,Stad,Mar/13,6.6
1,TEVREDENHEID,Stad,Apr/13,7.5
1,TEVREDENHEID,Stad,May/13,6.8
1,TEVREDENHEID,Stad,Jun/13,6.3
1,TEVREDENHEID,Stad,Jul/13,6.2
1,TEVREDENHEID,Stad,Aug/13,6.8
1,TEVREDENHEID,Stad,Sep/13,7.3
1,TEVREDENHEID,Stad,Oct/13,6.0
1,TEVREDENHEID,Stad,Nov/13,5.9
1,TEVREDENHEID,Stad,Dec/13,4.7
1,TEVREDENHEID,Stad,Jan/14,5.2
1,TEVREDENHEID,Stad,Feb/14,4.9
1,TEVREDENHEID,Stad,Mar/14,4.5
1,TEVREDENHEID,Stad,Apr/14,4.1
1,TEVREDENHEID,Stad,May/14,4.5
1,TEVREDENHEID,Stad,Jun/14,3.2
1,TEVREDENHEID,Stad,Jul/14,3.2
1,TEVREDENHEID,Stad,Aug/14,4.0
1,TEVREDENHEID,Stad,Sep/14,4.0
1,TEVREDENHEID,Stad,Oct/14,4.7
1,TEVREDENHEID,Stad,Nov/14,6.3
1,TEVREDENHEID,Stad,Dec/14,8.4
2,PLANREALISATIE,Almere,Jan/09,6.9
2,PLANREALISATIE,Almere,Feb/09,5.4
2,PLANREALISATIE,Almere,Mar/09,5.9
2,PLANREALISATIE,Almere,Apr/09,5.1
2,PLANREALISATIE,Almere,May/09,6.2
2,PLANREALISATIE,Almere,Jun/09,3.9
2,PLANREALISATIE,Almere,Jul/09,6.6
2,PLANREALISATIE,Almere,Aug/09,5.0
2,PLANREALISATIE,Almere,Sep/09,6.7
2,PLANREALISATIE,Almere,Oct/09,4.5
2,PLANREALISATIE,Almere,Nov/09,4.5
2,PLANREALISATIE,Almere,Dec/09,2.6
2,PLANREALISATIE,Almere,Jan/10,4.5
2,PLANREALISATIE,Almere,Feb/10,3.5
2,PLANREALISATIE,Almere,Mar/10,3.5
2,PLANREALISATIE,Almere,Apr/10,3.0
2,PLANREALISATIE,Almere,May/10,5.2
2,PLANREALISATIE,Almere,Jun/10,5.7
2,PLANREALISATIE,Almere,Jul/10,3.8
2,PLANREALISATIE,Almere,Aug/10,2.4
2,PLANREALISATIE,Almere,Sep/10,2.7
2,PLANREALISATIE,Almere,Oct/10,3.4
2,PLANREALISATIE,Almere,Nov/10,3.7
2,PLANREALISATIE,Almere,Dec/10,4.6
2,PLANREALISATIE,Almere,Jan/11,3.8
2,PLANREALISATIE,Almere,Feb/11,3.5
2,PLANREALISATIE,Almere,Mar/11,4.0
2,PLANREALISATIE,Almere,Apr/11,5.6
2,PLANREALISATIE,Almere,May/11,6.6
2,PLANREALISATIE,Almere,Jun/11,6.7
2,PLANREALISATIE,Almere,Jul/11,7.8
2,PLANREALISATIE,Almere,Aug/11,8.7
2,PLANREALISATIE,Almere,Sep/11,7.5
2,PLANREALISATIE,Almere,Oct/11,7.7
2,PLANREALISATIE,Almere,Nov/11,6.3
2,PLANREALISATIE,Almere,Dec/11,7.8
2,PLANREALISATIE,Almere,Jan/12,7.2
2,PLANREALISATIE,Almere,Feb/12,8.2
2,PLANREALISATIE,Almere,Mar/12,7.9
2,PLANREALISATIE,Almere,Apr/12,6.8
2,PLANREALISATIE,Almere,May/12,5.2
2,PLANREALISATIE,Almere,Jun/12,3.3
2,PLANREALISATIE,Almere,Jul/12,4.4
2,PLANREALISATIE,Almere,Aug/12,5.7
2,PLANREALISATIE,Almere,Sep/12,5.1
2,PLANREALISATIE,Almere,Oct/12,5.2
2,PLANREALISATIE,Almere,Nov/12,4.6
2,PLANREALISATIE,Almere,Dec/12,5.6
2,PLANREALISATIE,Almere,Jan/13,5.3
2,PLANREALISATIE,Almere,Feb/13,6.1
2,PLANREALISATIE,Almere,Mar/13,6.2
2,PLANREALISATIE,Almere,Apr/13,6.0
2,PLANREALISATIE,Almere,May/13,4.4
2,PLANREALISATIE,Almere,Jun/13,3.9
2,PLANREALISATIE,Almere,Jul/13,2.5
2,PLANREALISATIE,Almere,Aug/13,4.6
2,PLANREALISATIE,Almere,Sep/13,4.1
2,PLANREALISATIE,Almere,Oct/13,6.2
2,PLANREALISATIE,Almere,Nov/13,4.9
2,PLANREALISATIE,Almere,Dec/13,4.8
2,PLANREALISATIE,Almere,Jan/14,3.3
2,PLANREALISATIE,Almere,Feb/14,4.4
2,PLANREALISATIE,Almere,Mar/14,5.0
2,PLANREALISATIE,Almere,Apr/14,5.1
2,PLANREALISATIE,Almere,May/14,3.9
2,PLANREALISATIE,Almere,Jun/14,5.0
2,PLANREALISATIE,Almere,Jul/14,6.4
2,PLANREALISATIE,Almere,Aug/14,8.4
2,PLANREALISATIE,Almere,Sep/14,9.3
2,PLANREALISATIE,Almere,Oct/14,9.5
2,PLANREALISATIE,Almere,Nov/14,8.8
2,PLANREALISATIE,Almere,Dec/14,6.1
2,PLANREALISATIE,Buiten,Jan/09,6.3
2,PLANREALISATIE,Buiten,Feb/09,6.3
2,PLANREALISATIE,Buiten,Mar/09,8.7
2,PLANREALISATIE,Buiten,Apr/09,6.2
2,PLANREALISATIE,Buiten,May/09,4.3
2,PLANREALISATIE,Buiten,Jun/09,4.8
2,PLANREALISATIE,Buiten,Jul/09,4.4
2,PLANREALISATIE,Buiten,Aug/09,5.6
2,PLANREALISATIE,Buiten,Sep/09,4.3
2,PLANREALISATIE,Buiten,Oct/09,5.5
2,PLANREALISATIE,Buiten,Nov/09,5.0
2,PLANREALISATIE,Buiten,Dec/09,3.8
2,PLANREALISATIE,Buiten,Jan/10,5.5
2,PLANREALISATIE,Buiten,Feb/10,6.2
2,PLANREALISATIE,Buiten,Mar/10,7.8
2,PLANREALISATIE,Buiten,Apr/10,7.7
2,PLANREALISATIE,Buiten,May/10,7.0
2,PLANREALISATIE,Buiten,Jun/10,6.5
2,PLANREALISATIE,Buiten,Jul/10,4.2
2,PLANREALISATIE,Buiten,Aug/10,3.8
2,PLANREALISATIE,Buiten,Sep/10,2.5
2,PLANREALISATIE,Buiten,Oct/10,2.7
2,PLANREALISATIE,Buiten,Nov/10,2.8
2,PLANREALISATIE,Buiten,Dec/10,5.2
2,PLANREALISATIE,Buiten,Jan/11,5.9
2,PLANREALISATIE,Buiten,Feb/11,5.7
2,PLANREALISATIE,Buiten,Mar/11,3.4
2,PLANREALISATIE,Buiten,Apr/11,3.0
2,PLANREALISATIE,Buiten,May/11,5.3
2,PLANREALISATIE,Buiten,Jun/11,5.4
2,PLANREALISATIE,Buiten,Jul/11,6.4
2,PLANREALISATIE,Buiten,Aug/11,5.3
2,PLANREALISATIE,Buiten,Sep/11,5.9
2,PLANREALISATIE,Buiten,Oct/11,4.6
2,PLANREALISATIE,Buiten,Nov/11,3.6
2,PLANREALISATIE,Buiten,Dec/11,3.2
2,PLANREALISATIE,Buiten,Jan/12,2.5
2,PLANREALISATIE,Buiten,Feb/12,1.8
2,PLANREALISATIE,Buiten,Mar/12,1.5
2,PLANREALISATIE,Buiten,Apr/12,2.5
2,PLANREALISATIE,Buiten,May/12,2.9
2,PLANREALISATIE,Buiten,Jun/12,3.1
2,PLANREALISATIE,Buiten,Jul/12,2.8
2,PLANREALISATIE,Buiten,Aug/12,4.4
2,PLANREALISATIE,Buiten,Sep/12,3.7
2,PLANREALISATIE,Buiten,Oct/12,5.1
2,PLANREALISATIE,Buiten,Nov/12,3.1
2,PLANREALISATIE,Buiten,Dec/12,3.0
2,PLANREALISATIE,Buiten,Jan/13,3.1
2,PLANREALISATIE,Buiten,Feb/13,5.2
2,PLANREALISATIE,Buiten,Mar/13,5.7
2,PLANREALISATIE,Buiten,Apr/13,3.6
2,PLANREALISATIE,Buiten,May/13,2.6
2,PLANREALISATIE,Buiten,Jun/13,4.7
2,PLANREALISATIE,Buiten,Jul/13,5.1
2,PLANREALISATIE,Buiten,Aug/13,6.1
2,PLANREALISATIE,Buiten,Sep/13,5.0
2,PLANREALISATIE,Buiten,Oct/13,5.3
2,PLANREALISATIE,Buiten,Nov/13,5.5
2,PLANREALISATIE,Buiten,Dec/13,4.1
2,PLANREALISATIE,Buiten,Jan/14,5.1
2,PLANREALISATIE,Buiten,Feb/14,3.7
2,PLANREALISATIE,Buiten,Mar/14,4.0
2,PLANREALISATIE,Buiten,Apr/14,2.3
2,PLANREALISATIE,Buiten,May/14,4.1
2,PLANREALISATIE,Buiten,Jun/14,5.6
2,PLANREALISATIE,Buiten,Jul/14,7.7
2,PLANREALISATIE,Buiten,Aug/14,6.9
2,PLANREALISATIE,Buiten,Sep/14,6.9
2,PLANREALISATIE,Buiten,Oct/14,6.5
2,PLANREALISATIE,Buiten,Nov/14,4.9
2,PLANREALISATIE,Buiten,Dec/14,3.0
2,PLANREALISATIE,Haven,Jan/09,3.0
2,PLANREALISATIE,Haven,Feb/09,4.8
2,PLANREALISATIE,Haven,Mar/09,4.8
2,PLANREALISATIE,Haven,Apr/09,3.1
2,PLANREALISATIE,Haven,May/09,2.6
2,PLANREALISATIE,Haven,Jun/09,2.6
2,PLANREALISATIE,Haven,Jul/09,4.3
2,PLANREALISATIE,Haven,Aug/09,3.8
2,PLANREALISATIE,Haven,Sep/09,5.8
2,PLANREALISATIE,Haven,Oct/09,6.0
2,PLANREALISATIE,Haven,Nov/09,4.9
2,PLANREALISATIE,Haven,Dec/09,3.1
2,PLANREALISATIE,Haven,Jan/10,2.7
2,PLANREALISATIE,Haven,Feb/10,5.0
2,PLANREALISATIE,Haven,Mar/10,7.2
2,PLANREALISATIE,Haven,Apr/10,6.5
2,PLANREALISATIE,Haven,May/10,4.6
2,PLANREALISATIE,Haven,Jun/10,4.5
2,PLANREALISATIE,Haven,Jul/10,6.6
2,PLANREALISATIE,Haven,Aug/10,6.3
2,PLANREALISATIE,Haven,Sep/10,4.1
2,PLANREALISATIE,Haven,Oct/10,2.7
2,PLANREALISATIE,Haven,Nov/10,4.4
2,PLANREALISATIE,Haven,Dec/10,5.9
2,PLANREALISATIE,Haven,Jan/11,6.6
2,PLANREALISATIE,Haven,Feb/11,5.6
2,PLANREALISATIE,Haven,Mar/11,6.3
2,PLANREALISATIE,Haven,Apr/11,6.9
2,PLANREALISATIE,Haven,May/11,6.0
2,PLANREALISATIE,Haven,Jun/11,6.5
2,PLANREALISATIE,Haven,Jul/11,5.0
2,PLANREALISATIE,Haven,Aug/11,5.0
2,PLANREALISATIE,Haven,Sep/11,4.8
2,PLANREALISATIE,Haven,Oct/11,5.7
2,PLANREALISATIE,Haven,Nov/11,7.1
2,PLANREALISATIE,Haven,Dec/11,6.3
2,PLANREALISATIE,Haven,Jan/12,6.8
2,PLANREALISATIE,Haven,Feb/12,7.3
2,PLANREALISATIE,Haven,Mar/12,6.7
2,PLANREALISATIE,Haven,Apr/12,6.4
2,PLANREALISATIE,Haven,May/12,6.7
2,PLANREALISATIE,Haven,Jun/12,7.1
2,PLANREALISATIE,Haven,Jul/12,6.1
2,PLANREALISATIE,Haven,Aug/12,5.5
2,PLANREALISATIE,Haven,Sep/12,4.0
2,PLANREALISATIE,Haven,Oct/12,4.8
2,PLANREALISATIE,Haven,Nov/12,4.4
2,PLANREALISATIE,Haven,Dec/12,6.1
2,PLANREALISATIE,Haven,Jan/13,4.4
2,PLANREALISATIE,Haven,Feb/13,3.4
2,PLANREALISATIE,Haven,Mar/13,3.2
2,PLANREALISATIE,Haven,Apr/13,5.0
2,PLANREALISATIE,Haven,May/13,6.0
2,PLANREALISATIE,Haven,Jun/13,7.3
2,PLANREALISATIE,Haven,Jul/13,6.8
2,PLANREALISATIE,Haven,Aug/13,7.9
2,PLANREALISATIE,Haven,Sep/13,6.4
2,PLANREALISATIE,Haven,Oct/13,4.6
2,PLANREALISATIE,Haven,Nov/13,4.2
2,PLANREALISATIE,Haven,Dec/13,3.0
2,PLANREALISATIE,Haven,Jan/14,5.6
2,PLANREALISATIE,Haven,Feb/14,4.3
2,PLANREALISATIE,Haven,Mar/14,6.5
2,PLANREALISATIE,Haven,Apr/14,4.5
2,PLANREALISATIE,Haven,May/14,4.8
2,PLANREALISATIE,Haven,Jun/14,5.0
2,PLANREALISATIE,Haven,Jul/14,6.4
2,PLANREALISATIE,Haven,Aug/14,5.9
2,PLANREALISATIE,Haven,Sep/14,6.2
2,PLANREALISATIE,Haven,Oct/14,6.5
2,PLANREALISATIE,Haven,Nov/14,8.4
2,PLANREALISATIE,Haven,Dec/14,6.3
2,PLANREALISATIE,Hout,Jan/09,5.6
2,PLANREALISATIE,Hout,Feb/09,4.6
2,PLANREALISATIE,Hout,Mar/09,6.4
2,PLANREALISATIE,Hout,Apr/09,5.0
2,PLANREALISATIE,Hout,May/09,3.5
2,PLANREALISATIE,Hout,Jun/09,2.8
2,PLANREALISATIE,Hout,Jul/09,3.0
2,PLANREALISATIE,Hout,Aug/09,4.0
2,PLANREALISATIE,Hout,Sep/09,5.4
2,PLANREALISATIE,Hout,Oct/09,5.7
2,PLANREALISATIE,Hout,Nov/09,4.6
2,PLANREALISATIE,Hout,Dec/09,2.2
2,PLANREALISATIE,Hout,Jan/10,1.6
2,PLANREALISATIE,Hout,Feb/10,1.6
2,PLANREALISATIE,Hout,Mar/10,3.8
2,PLANREALISATIE,Hout,Apr/10,4.3
2,PLANREALISATIE,Hout,May/10,7.1
2,PLANREALISATIE,Hout,Jun/10,6.6
2,PLANREALISATIE,Hout,Jul/10,7.4
2,PLANREALISATIE,Hout,Aug/10,5.3
2,PLANREALISATIE,Hout,Sep/10,3.9
2,PLANREALISATIE,Hout,Oct/10,3.1
2,PLANREALISATIE,Hout,Nov/10,3.2
2,PLANREALISATIE,Hout,Dec/10,5.1
2,PLANREALISATIE,Hout,Jan/11,6.8
2,PLANREALISATIE,Hout,Feb/11,6.4
2,PLANREALISATIE,Hout,Mar/11,6.4
2,PLANREALISATIE,Hout,Apr/11,4.0
2,PLANREALISATIE,Hout,May/11,4.4
2,PLANREALISATIE,Hout,Jun/11,4.5
2,PLANREALISATIE,Hout,Jul/11,5.3
2,PLANREALISATIE,Hout,Aug/11,5.2
2,PLANREALISATIE,Hout,Sep/11,3.9
2,PLANREALISATIE,Hout,Oct/11,3.2
2,PLANREALISATIE,Hout,Nov/11,4.3
2,PLANREALISATIE,Hout,Dec/11,2.9
2,PLANREALISATIE,Hout,Jan/12,3.1
2,PLANREALISATIE,Hout,Feb/12,4.0
2,PLANREALISATIE,Hout,Mar/12,6.1
2,PLANREALISATIE,Hout,Apr/12,7.2
2,PLANREALISATIE,Hout,May/12,5.5
2,PLANREALISATIE,Hout,Jun/12,6.3
2,PLANREALISATIE,Hout,Jul/12,4.9
2,PLANREALISATIE,Hout,Aug/12,3.9
2,PLANREALISATIE,Hout,Sep/12,2.7
2,PLANREALISATIE,Hout,Oct/12,4.2
2,PLANREALISATIE,Hout,Nov/12,6.8
2,PLANREALISATIE,Hout,Dec/12,5.1
2,PLANREALISATIE,Hout,Jan/13,4.4
2,PLANREALISATIE,Hout,Feb/13,3.3
2,PLANREALISATIE,Hout,Mar/13,4.1
2,PLANREALISATIE,Hout,Apr/13,5.5
2,PLANREALISATIE,Hout,May/13,6.6
2,PLANREALISATIE,Hout,Jun/13,6.1
2,PLANREALISATIE,Hout,Jul/13,6.3
2,PLANREALISATIE,Hout,Aug/13,5.1
2,PLANREALISATIE,Hout,Sep/13,5.8
2,PLANREALISATIE,Hout,Oct/13,3.5
2,PLANREALISATIE,Hout,Nov/13,4.9
2,PLANREALISATIE,Hout,Dec/13,6.2
2,PLANREALISATIE,Hout,Jan/14,8.7
2,PLANREALISATIE,Hout,Feb/14,7.5
2,PLANREALISATIE,Hout,Mar/14,5.9
2,PLANREALISATIE,Hout,Apr/14,5.5
2,PLANREALISATIE,Hout,May/14,3.8
2,PLANREALISATIE,Hout,Jun/14,3.1
2,PLANREALISATIE,Hout,Jul/14,1.0
2,PLANREALISATIE,Hout,Aug/14,3.3
2,PLANREALISATIE,Hout,Sep/14,6.0
2,PLANREALISATIE,Hout,Oct/14,6.2
2,PLANREALISATIE,Hout,Nov/14,4.5
2,PLANREALISATIE,Hout,Dec/14,4.3
2,PLANREALISATIE,Pampus,Jan/09,4.5
2,PLANREALISATIE,Pampus,Feb/09,5.6
2,PLANREALISATIE,Pampus,Mar/09,5.1
2,PLANREALISATIE,Pampus,Apr/09,6.1
2,PLANREALISATIE,Pampus,May/09,5.0
2,PLANREALISATIE,Pampus,Jun/09,4.7
2,PLANREALISATIE,Pampus,Jul/09,5.1
2,PLANREALISATIE,Pampus,Aug/09,7.3
2,PLANREALISATIE,Pampus,Sep/09,8.3
2,PLANREALISATIE,Pampus,Oct/09,7.7
2,PLANREALISATIE,Pampus,Nov/09,4.9
2,PLANREALISATIE,Pampus,Dec/09,4.0
2,PLANREALISATIE,Pampus,Jan/10,3.8
2,PLANREALISATIE,Pampus,Feb/10,4.8
2,PLANREALISATIE,Pampus,Mar/10,3.4
2,PLANREALISATIE,Pampus,Apr/10,5.2
2,PLANREALISATIE,Pampus,May/10,5.1
2,PLANREALISATIE,Pampus,Jun/10,6.3
2,PLANREALISATIE,Pampus,Jul/10,3.6
2,PLANREALISATIE,Pampus,Aug/10,5.6
2,PLANREALISATIE,Pampus,Sep/10,5.3
2,PLANREALISATIE,Pampus,Oct/10,5.3
2,PLANREALISATIE,Pampus,Nov/10,2.9
2,PLANREALISATIE,Pampus,Dec/10,1.6
2,PLANREALISATIE,Pampus,Jan/11,1.6
2,PLANREALISATIE,Pampus,Feb/11,3.7
2,PLANREALISATIE,Pampus,Mar/11,6.5
2,PLANREALISATIE,Pampus,Apr/11,7.8
2,PLANREALISATIE,Pampus,May/11,5.2
2,PLANREALISATIE,Pampus,Jun/11,2.5
2,PLANREALISATIE,Pampus,Jul/11,1.4
2,PLANREALISATIE,Pampus,Aug/11,2.3
2,PLANREALISATIE,Pampus,Sep/11,4.9
2,PLANREALISATIE,Pampus,Oct/11,5.9
2,PLANREALISATIE,Pampus,Nov/11,7.1
2,PLANREALISATIE,Pampus,Dec/11,5.3
2,PLANREALISATIE,Pampus,Jan/12,4.2
2,PLANREALISATIE,Pampus,Feb/12,3.8
2,PLANREALISATIE,Pampus,Mar/12,3.8
2,PLANREALISATIE,Pampus,Apr/12,4.9
2,PLANREALISATIE,Pampus,May/12,5.5
2,PLANREALISATIE,Pampus,Jun/12,5.7
2,PLANREALISATIE,Pampus,Jul/12,6.3
2,PLANREALISATIE,Pampus,Aug/12,6.4
2,PLANREALISATIE,Pampus,Sep/12,5.9
2,PLANREALISATIE,Pampus,Oct/12,4.5
2,PLANREALISATIE,Pampus,Nov/12,4.2
2,PLANREALISATIE,Pampus,Dec/12,4.6
2,PLANREALISATIE,Pampus,Jan/13,4.3
2,PLANREALISATIE,Pampus,Feb/13,4.2
2,PLANREALISATIE,Pampus,Mar/13,5.9
2,PLANREALISATIE,Pampus,Apr/13,6.7
2,PLANREALISATIE,Pampus,May/13,6.7
2,PLANREALISATIE,Pampus,Jun/13,5.0
2,PLANREALISATIE,Pampus,Jul/13,5.5
2,PLANREALISATIE,Pampus,Aug/13,3.5
2,PLANREALISATIE,Pampus,Sep/13,2.7
2,PLANREALISATIE,Pampus,Oct/13,4.2
2,PLANREALISATIE,Pampus,Nov/13,5.0
2,PLANREALISATIE,Pampus,Dec/13,6.9
2,PLANREALISATIE,Pampus,Jan/14,6.9
2,PLANREALISATIE,Pampus,Feb/14,8.0
2,PLANREALISATIE,Pampus,Mar/14,7.1
2,PLANREALISATIE,Pampus,Apr/14,5.3
2,PLANREALISATIE,Pampus,May/14,6.0
2,PLANREALISATIE,Pampus,Jun/14,6.5
2,PLANREALISATIE,Pampus,Jul/14,6.9
2,PLANREALISATIE,Pampus,Aug/14,4.7
2,PLANREALISATIE,Pampus,Sep/14,3.2
2,PLANREALISATIE,Pampus,Oct/14,4.7
2,PLANREALISATIE,Pampus,Nov/14,6.6
2,PLANREALISATIE,Pampus,Dec/14,8.2
2,PLANREALISATIE,Poort,Jan/09,6.9
2,PLANREALISATIE,Poort,Feb/09,6.4
2,PLANREALISATIE,Poort,Mar/09,7.2
2,PLANREALISATIE,Poort,Apr/09,7.5
2,PLANREALISATIE,Poort,May/09,6.9
2,PLANREALISATIE,Poort,Jun/09,4.7
2,PLANREALISATIE,Poort,Jul/09,2.7
2,PLANREALISATIE,Poort,Aug/09,2.9
2,PLANREALISATIE,Poort,Sep/09,2.9
2,PLANREALISATIE,Poort,Oct/09,4.7
2,PLANREALISATIE,Poort,Nov/09,3.4
2,PLANREALISATIE,Poort,Dec/09,4.0
2,PLANREALISATIE,Poort,Jan/10,4.5
2,PLANREALISATIE,Poort,Feb/10,4.1
2,PLANREALISATIE,Poort,Mar/10,4.9
2,PLANREALISATIE,Poort,Apr/10,3.7
2,PLANREALISATIE,Poort,May/10,6.0
2,PLANREALISATIE,Poort,Jun/10,6.3
2,PLANREALISATIE,Poort,Jul/10,7.7
2,PLANREALISATIE,Poort,Aug/10,7.9
2,PLANREALISATIE,Poort,Sep/10,8.6
2,PLANREALISATIE,Poort,Oct/10,8.9
2,PLANREALISATIE,Poort,Nov/10,8.1
2,PLANREALISATIE,Poort,Dec/10,8.0
2,PLANREALISATIE,Poort,Jan/11,7.8
2,PLANREALISATIE,Poort,Feb/11,8.4
2,PLANREALISATIE,Poort,Mar/11,8.7
2,PLANREALISATIE,Poort,Apr/11,7.4
2,PLANREALISATIE,Poort,May/11,7.8
2,PLANREALISATIE,Poort,Jun/11,7.3
2,PLANREALISATIE,Poort,Jul/11,7.8
2,PLANREALISATIE,Poort,Aug/11,5.3
2,PLANREALISATIE,Poort,Sep/11,3.2
2,PLANREALISATIE,Poort,Oct/11,2.2
2,PLANREALISATIE,Poort,Nov/11,3.1
2,PLANREALISATIE,Poort,Dec/11,3.1
2,PLANREALISATIE,Poort,Jan/12,4.1
2,PLANREALISATIE,Poort,Feb/12,3.8
2,PLANREALISATIE,Poort,Mar/12,5.0
2,PLANREALISATIE,Poort,Apr/12,4.5
2,PLANREALISATIE,Poort,May/12,3.8
2,PLANREALISATIE,Poort,Jun/12,3.0
2,PLANREALISATIE,Poort,Jul/12,1.8
2,PLANREALISATIE,Poort,Aug/12,3.9
2,PLANREALISATIE,Poort,Sep/12,3.9
2,PLANREALISATIE,Poort,Oct/12,3.6
2,PLANREALISATIE,Poort,Nov/12,1.8
2,PLANREALISATIE,Poort,Dec/12,1.5
2,PLANREALISATIE,Poort,Jan/13,3.0
2,PLANREALISATIE,Poort,Feb/13,2.7
2,PLANREALISATIE,Poort,Mar/13,2.7
2,PLANREALISATIE,Poort,Apr/13,2.8
2,PLANREALISATIE,Poort,May/13,4.7
2,PLANREALISATIE,Poort,Jun/13,4.9
2,PLANREALISATIE,Poort,Jul/13,5.4
2,PLANREALISATIE,Poort,Aug/13,4.2
2,PLANREALISATIE,Poort,Sep/13,5.9
2,PLANREALISATIE,Poort,Oct/13,6.9
2,PLANREALISATIE,Poort,Nov/13,8.5
2,PLANREALISATIE,Poort,Dec/13,8.3
2,PLANREALISATIE,Poort,Jan/14,6.8
2,PLANREALISATIE,Poort,Feb/14,4.8
2,PLANREALISATIE,Poort,Mar/14,3.2
2,PLANREALISATIE,Poort,Apr/14,2.8
2,PLANREALISATIE,Poort,May/14,4.9
2,PLANREALISATIE,Poort,Jun/14,6.0
2,PLANREALISATIE,Poort,Jul/14,4.8
2,PLANREALISATIE,Poort,Aug/14,4.3
2,PLANREALISATIE,Poort,Sep/14,3.7
2,PLANREALISATIE,Poort,Oct/14,6.3
2,PLANREALISATIE,Poort,Nov/14,5.0
2,PLANREALISATIE,Poort,Dec/14,6.3
2,PLANREALISATIE,Stad,Jan/09,3.7
2,PLANREALISATIE,Stad,Feb/09,4.8
2,PLANREALISATIE,Stad,Mar/09,4.0
2,PLANREALISATIE,Stad,Apr/09,4.4
2,PLANREALISATIE,Stad,May/09,3.0
2,PLANREALISATIE,Stad,Jun/09,3.7
2,PLANREALISATIE,Stad,Jul/09,5.0
2,PLANREALISATIE,Stad,Aug/09,4.7
2,PLANREALISATIE,Stad,Sep/09,3.5
2,PLANREALISATIE,Stad,Oct/09,1.7
2,PLANREALISATIE,Stad,Nov/09,3.4
2,PLANREALISATIE,Stad,Dec/09,4.1
2,PLANREALISATIE,Stad,Jan/10,4.1
2,PLANREALISATIE,Stad,Feb/10,3.5
2,PLANREALISATIE,Stad,Mar/10,3.1
2,PLANREALISATIE,Stad,Apr/10,4.1
2,PLANREALISATIE,Stad,May/10,3.0
2,PLANREALISATIE,Stad,Jun/10,4.8
2,PLANREALISATIE,Stad,Jul/10,5.4
2,PLANREALISATIE,Stad,Aug/10,7.9
2,PLANREALISATIE,Stad,Sep/10,6.1
2,PLANREALISATIE,Stad,Oct/10,7.0
2,PLANREALISATIE,Stad,Nov/10,7.0
2,PLANREALISATIE,Stad,Dec/10,7.9
2,PLANREALISATIE,Stad,Jan/11,5.6
2,PLANREALISATIE,Stad,Feb/11,4.4
2,PLANREALISATIE,Stad,Mar/11,4.8
2,PLANREALISATIE,Stad,Apr/11,5.2
2,PLANREALISATIE,Stad,May/11,4.9
2,PLANREALISATIE,Stad,Jun/11,4.4
2,PLANREALISATIE,Stad,Jul/11,5.8
2,PLANREALISATIE,Stad,Aug/11,6.2
2,PLANREALISATIE,Stad,Sep/11,4.4
2,PLANREALISATIE,Stad,Oct/11,3.9
2,PLANREALISATIE,Stad,Nov/11,3.3
2,PLANREALISATIE,Stad,Dec/11,4.1
2,PLANREALISATIE,Stad,Jan/12,5.1
2,PLANREALISATIE,Stad,Feb/12,5.7
2,PLANREALISATIE,Stad,Mar/12,5.5
2,PLANREALISATIE,Stad,Apr/12,5.7
2,PLANREALISATIE,Stad,May/12,6.1
2,PLANREALISATIE,Stad,Jun/12,6.2
2,PLANREALISATIE,Stad,Jul/12,6.0
2,PLANREALISATIE,Stad,Aug/12,4.7
2,PLANREALISATIE,Stad,Sep/12,5.2
2,PLANREALISATIE,Stad,Oct/12,3.1
2,PLANREALISATIE,Stad,Nov/12,4.6
2,PLANREALISATIE,Stad,Dec/12,5.1
2,PLANREALISATIE,Stad,Jan/13,5.7
2,PLANREALISATIE,Stad,Feb/13,6.2
2,PLANREALISATIE,Stad,Mar/13,7.4
2,PLANREALISATIE,Stad,Apr/13,8.6
2,PLANREALISATIE,Stad,May/13,5.8
2,PLANREALISATIE,Stad,Jun/13,2.9
2,PLANREALISATIE,Stad,Jul/13,1.0
2,PLANREALISATIE,Stad,Aug/13,2.9
2,PLANREALISATIE,Stad,Sep/13,2.8
2,PLANREALISATIE,Stad,Oct/13,2.8
2,PLANREALISATIE,Stad,Nov/13,1.2
2,PLANREALISATIE,Stad,Dec/13,3.6
2,PLANREALISATIE,Stad,Jan/14,4.6
2,PLANREALISATIE,Stad,Feb/14,5.4
2,PLANREALISATIE,Stad,Mar/14,4.9
2,PLANREALISATIE,Stad,Apr/14,6.9
2,PLANREALISATIE,Stad,May/14,7.1
2,PLANREALISATIE,Stad,Jun/14,5.3
2,PLANREALISATIE,Stad,Jul/14,3.3
2,PLANREALISATIE,Stad,Aug/14,4.1
2,PLANREALISATIE,Stad,Sep/14,4.5
2,PLANREALISATIE,Stad,Oct/14,4.6
2,PLANREALISATIE,Stad,Nov/14,3.0
2,PLANREALISATIE,Stad,Dec/14,5.0
3,TOESTAND,Almere,Jan/09,6.3
3,TOESTAND,Almere,Feb/09,6.2
3,TOESTAND,Almere,Mar/09,4.2
3,TOESTAND,Almere,Apr/09,1.8
3,TOESTAND,Almere,May/09,4.1
3,TOESTAND,Almere,Jun/09,5.3
3,TOESTAND,Almere,Jul/09,7.0
3,TOESTAND,Almere,Aug/09,5.1
3,TOESTAND,Almere,Sep/09,3.8
3,TOESTAND,Almere,Oct/09,3.0
3,TOESTAND,Almere,Nov/09,5.1
3,TOESTAND,Almere,Dec/09,5.5
3,TOESTAND,Almere,Jan/10,6.5
3,TOESTAND,Almere,Feb/10,5.7
3,TOESTAND,Almere,Mar/10,6.8
3,TOESTAND,Almere,Apr/10,6.5
3,TOESTAND,Almere,May/10,4.4
3,TOESTAND,Almere,Jun/10,3.1
3,TOESTAND,Almere,Jul/10,3.8
3,TOESTAND,Almere,Aug/10,5.7
3,TOESTAND,Almere,Sep/10,6.2
3,TOESTAND,Almere,Oct/10,5.9
3,TOESTAND,Almere,Nov/10,4.9
3,TOESTAND,Almere,Dec/10,3.8
3,TOESTAND,Almere,Jan/11,4.0
3,TOESTAND,Almere,Feb/11,5.4
3,TOESTAND,Almere,Mar/11,6.4
3,TOESTAND,Almere,Apr/11,5.7
3,TOESTAND,Almere,May/11,4.2
3,TOESTAND,Almere,Jun/11,5.7
3,TOESTAND,Almere,Jul/11,4.4
3,TOESTAND,Almere,Aug/11,5.8
3,TOESTAND,Almere,Sep/11,5.5
3,TOESTAND,Almere,Oct/11,5.8
3,TOESTAND,Almere,Nov/11,5.4
3,TOESTAND,Almere,Dec/11,5.2
3,TOESTAND,Almere,Jan/12,5.2
3,TOESTAND,Almere,Feb/12,4.7
3,TOESTAND,Almere,Mar/12,2.5
3,TOESTAND,Almere,Apr/12,2.4
3,TOESTAND,Almere,May/12,2.4
3,TOESTAND,Almere,Jun/12,4.4
3,TOESTAND,Almere,Jul/12,4.3
3,TOESTAND,Almere,Aug/12,3.1
3,TOESTAND,Almere,Sep/12,1.2
3,TOESTAND,Almere,Oct/12,3.3
3,TOESTAND,Almere,Nov/12,5.3
3,TOESTAND,Almere,Dec/12,7.6
3,TOESTAND,Almere,Jan/13,6.5
3,TOESTAND,Almere,Feb/13,4.4
3,TOESTAND,Almere,Mar/13,3.3
3,TOESTAND,Almere,Apr/13,3.7
3,TOESTAND,Almere,May/13,4.1
3,TOESTAND,Almere,Jun/13,5.7
3,TOESTAND,Almere,Jul/13,4.3
3,TOESTAND,Almere,Aug/13,6.3
3,TOESTAND,Almere,Sep/13,6.3
3,TOESTAND,Almere,Oct/13,6.4
3,TOESTAND,Almere,Nov/13,6.4
3,TOESTAND,Almere,Dec/13,5.2
3,TOESTAND,Almere,Jan/14,7.1
3,TOESTAND,Almere,Feb/14,5.3
3,TOESTAND,Almere,Mar/14,5.3
3,TOESTAND,Almere,Apr/14,6.2
3,TOESTAND,Almere,May/14,5.5
3,TOESTAND,Almere,Jun/14,4.8
3,TOESTAND,Almere,Jul/14,3.5
3,TOESTAND,Almere,Aug/14,5.6
3,TOESTAND,Almere,Sep/14,6.7
3,TOESTAND,Almere,Oct/14,5.0
3,TOESTAND,Almere,Nov/14,2.9
3,TOESTAND,Almere,Dec/14,2.9
3,TOESTAND,Buiten,Jan/09,5.8
3,TOESTAND,Buiten,Feb/09,5.8
3,TOESTAND,Buiten,Mar/09,4.4
3,TOESTAND,Buiten,Apr/09,1.6
3,TOESTAND,Buiten,May/09,1.8
3,TOESTAND,Buiten,Jun/09,1.3
3,TOESTAND,Buiten,Jul/09,1.3
3,TOESTAND,Buiten,Aug/09,2.1
3,TOESTAND,Buiten,Sep/09,3.2
3,TOESTAND,Buiten,Oct/09,4.7
3,TOESTAND,Buiten,Nov/09,4.1
3,TOESTAND,Buiten,Dec/09,4.7
3,TOESTAND,Buiten,Jan/10,4.1
3,TOESTAND,Buiten,Feb/10,4.1
3,TOESTAND,Buiten,Mar/10,3.4
3,TOESTAND,Buiten,Apr/10,4.0
3,TOESTAND,Buiten,May/10,3.9
3,TOESTAND,Buiten,Jun/10,5.0
3,TOESTAND,Buiten,Jul/10,5.7
3,TOESTAND,Buiten,Aug/10,5.4
3,TOESTAND,Buiten,Sep/10,4.9
3,TOESTAND,Buiten,Oct/10,4.4
3,TOESTAND,Buiten,Nov/10,5.4
3,TOESTAND,Buiten,Dec/10,5.2
3,TOESTAND,Buiten,Jan/11,5.3
3,TOESTAND,Buiten,Feb/11,4.9
3,TOESTAND,Buiten,Mar/11,5.8
3,TOESTAND,Buiten,Apr/11,5.3
3,TOESTAND,Buiten,May/11,5.5
3,TOESTAND,Buiten,Jun/11,3.3
3,TOESTAND,Buiten,Jul/11,2.4
3,TOESTAND,Buiten,Aug/11,2.0
3,TOESTAND,Buiten,Sep/11,3.9
3,TOESTAND,Buiten,Oct/11,3.3
3,TOESTAND,Buiten,Nov/11,3.6
3,TOESTAND,Buiten,Dec/11,1.8
3,TOESTAND,Buiten,Jan/12,4.7
3,TOESTAND,Buiten,Feb/12,7.0
3,TOESTAND,Buiten,Mar/12,6.9
3,TOESTAND,Buiten,Apr/12,6.5
3,TOESTAND,Buiten,May/12,5.9
3,TOESTAND,Buiten,Jun/12,7.8
3,TOESTAND,Buiten,Jul/12,5.4
3,TOESTAND,Buiten,Aug/12,3.1
3,TOESTAND,Buiten,Sep/12,3.0
3,TOESTAND,Buiten,Oct/12,3.8
3,TOESTAND,Buiten,Nov/12,4.9
3,TOESTAND,Buiten,Dec/12,4.0
3,TOESTAND,Buiten,Jan/13,4.8
3,TOESTAND,Buiten,Feb/13,4.5
3,TOESTAND,Buiten,Mar/13,3.6
3,TOESTAND,Buiten,Apr/13,2.4
3,TOESTAND,Buiten,May/13,2.7
3,TOESTAND,Buiten,Jun/13,3.5
3,TOESTAND,Buiten,Jul/13,5.4
3,TOESTAND,Buiten,Aug/13,6.9
3,TOESTAND,Buiten,Sep/13,7.4
3,TOESTAND,Buiten,Oct/13,7.4
3,TOESTAND,Buiten,Nov/13,6.4
3,TOESTAND,Buiten,Dec/13,6.5
3,TOESTAND,Buiten,Jan/14,4.2
3,TOESTAND,Buiten,Feb/14,3.0
3,TOESTAND,Buiten,Mar/14,1.5
3,TOESTAND,Buiten,Apr/14,1.7
3,TOESTAND,Buiten,May/14,1.9
3,TOESTAND,Buiten,Jun/14,1.9
3,TOESTAND,Buiten,Jul/14,3.6
3,TOESTAND,Buiten,Aug/14,3.9
3,TOESTAND,Buiten,Sep/14,5.3
3,TOESTAND,Buiten,Oct/14,4.9
3,TOESTAND,Buiten,Nov/14,5.6
3,TOESTAND,Buiten,Dec/14,6.1
3,TOESTAND,Haven,Jan/09,4.6
3,TOESTAND,Haven,Feb/09,4.5
3,TOESTAND,Haven,Mar/09,3.4
3,TOESTAND,Haven,Apr/09,4.6
3,TOESTAND,Haven,May/09,5.2
3,TOESTAND,Haven,Jun/09,5.4
3,TOESTAND,Haven,Jul/09,6.4
3,TOESTAND,Haven,Aug/09,6.3
3,TOESTAND,Haven,Sep/09,5.3
3,TOESTAND,Haven,Oct/09,4.8
3,TOESTAND,Haven,Nov/09,2.7
3,TOESTAND,Haven,Dec/09,5.1
3,TOESTAND,Haven,Jan/10,3.8
3,TOESTAND,Haven,Feb/10,6.7
3,TOESTAND,Haven,Mar/10,6.2
3,TOESTAND,Haven,Apr/10,8.2
3,TOESTAND,Haven,May/10,7.4
3,TOESTAND,Haven,Jun/10,6.3
3,TOESTAND,Haven,Jul/10,5.2
3,TOESTAND,Haven,Aug/10,4.9
3,TOESTAND,Haven,Sep/10,6.5
3,TOESTAND,Haven,Oct/10,8.0
3,TOESTAND,Haven,Nov/10,6.3
3,TOESTAND,Haven,Dec/10,4.4
3,TOESTAND,Haven,Jan/11,3.2
3,TOESTAND,Haven,Feb/11,3.2
3,TOESTAND,Haven,Mar/11,4.4
3,TOESTAND,Haven,Apr/11,3.2
3,TOESTAND,Haven,May/11,4.7
3,TOESTAND,Haven,Jun/11,5.3
3,TOESTAND,Haven,Jul/11,6.9
3,TOESTAND,Haven,Aug/11,6.4
3,TOESTAND,Haven,Sep/11,4.3
3,TOESTAND,Haven,Oct/11,2.8
3,TOESTAND,Haven,Nov/11,3.9
3,TOESTAND,Haven,Dec/11,4.2
3,TOESTAND,Haven,Jan/12,5.9
3,TOESTAND,Haven,Feb/12,5.2
3,TOESTAND,Haven,Mar/12,5.0
3,TOESTAND,Haven,Apr/12,4.2
3,TOESTAND,Haven,May/12,4.9
3,TOESTAND,Haven,Jun/12,5.2
3,TOESTAND,Haven,Jul/12,3.8
3,TOESTAND,Haven,Aug/12,4.1
3,TOESTAND,Haven,Sep/12,5.4
3,TOESTAND,Haven,Oct/12,6.4
3,TOESTAND,Haven,Nov/12,5.1
3,TOESTAND,Haven,Dec/12,3.0
3,TOESTAND,Haven,Jan/13,4.9
3,TOESTAND,Haven,Feb/13,6.0
3,TOESTAND,Haven,Mar/13,6.3
3,TOESTAND,Haven,Apr/13,5.1
3,TOESTAND,Haven,May/13,2.9
3,TOESTAND,Haven,Jun/13,3.7
3,TOESTAND,Haven,Jul/13,5.0
3,TOESTAND,Haven,Aug/13,6.2
3,TOESTAND,Haven,Sep/13,5.8
3,TOESTAND,Haven,Oct/13,3.6
3,TOESTAND,Haven,Nov/13,2.3
3,TOESTAND,Haven,Dec/13,3.5
3,TOESTAND,Haven,Jan/14,2.9
3,TOESTAND,Haven,Feb/14,3.4
3,TOESTAND,Haven,Mar/14,2.8
3,TOESTAND,Haven,Apr/14,4.4
3,TOESTAND,Haven,May/14,5.5
3,TOESTAND,Haven,Jun/14,5.7
3,TOESTAND,Haven,Jul/14,6.2
3,TOESTAND,Haven,Aug/14,5.1
3,TOESTAND,Haven,Sep/14,5.9
3,TOESTAND,Haven,Oct/14,5.0
3,TOESTAND,Haven,Nov/14,5.2
3,TOESTAND,Haven,Dec/14,6.0
3,TOESTAND,Hout,Jan/09,6.6
3,TOESTAND,Hout,Feb/09,6.3
3,TOESTAND,Hout,Mar/09,4.5
3,TOESTAND,Hout,Apr/09,3.8
3,TOESTAND,Hout,May/09,6.1
3,TOESTAND,Hout,Jun/09,5.6
3,TOESTAND,Hout,Jul/09,5.2
3,TOESTAND,Hout,Aug/09,2.4
3,TOESTAND,Hout,Sep/09,3.3
3,TOESTAND,Hout,Oct/09,5.5
3,TOESTAND,Hout,Nov/09,5.5
3,TOESTAND,Hout,Dec/09,5.3
3,TOESTAND,Hout,Jan/10,3.4
3,TOESTAND,Hout,Feb/10,4.8
3,TOESTAND,Hout,Mar/10,5.2
3,TOESTAND,Hout,Apr/10,6.4
3,TOESTAND,Hout,May/10,6.7
3,TOESTAND,Hout,Jun/10,7.4
3,TOESTAND,Hout,Jul/10,7.3
3,TOESTAND,Hout,Aug/10,7.4
3,TOESTAND,Hout,Sep/10,6.5
3,TOESTAND,Hout,Oct/10,5.6
3,TOESTAND,Hout,Nov/10,4.6
3,TOESTAND,Hout,Dec/10,4.8
3,TOESTAND,Hout,Jan/11,4.0
3,TOESTAND,Hout,Feb/11,5.1
3,TOESTAND,Hout,Mar/11,3.5
3,TOESTAND,Hout,Apr/11,3.1
3,TOESTAND,Hout,May/11,2.4
3,TOESTAND,Hout,Jun/11,5.1
3,TOESTAND,Hout,Jul/11,8.0
3,TOESTAND,Hout,Aug/11,6.9
3,TOESTAND,Hout,Sep/11,5.5
3,TOESTAND,Hout,Oct/11,3.5
3,TOESTAND,Hout,Nov/11,6.2
3,TOESTAND,Hout,Dec/11,7.3
3,TOESTAND,Hout,Jan/12,7.3
3,TOESTAND,Hout,Feb/12,6.6
3,TOESTAND,Hout,Mar/12,6.2
3,TOESTAND,Hout,Apr/12,6.4
3,TOESTAND,Hout,May/12,5.8
3,TOESTAND,Hout,Jun/12,5.5
3,TOESTAND,Hout,Jul/12,6.3
3,TOESTAND,Hout,Aug/12,7.4
3,TOESTAND,Hout,Sep/12,6.9
3,TOESTAND,Hout,Oct/12,4.9
3,TOESTAND,Hout,Nov/12,2.5
3,TOESTAND,Hout,Dec/12,1.6
3,TOESTAND,Hout,Jan/13,2.7
3,TOESTAND,Hout,Feb/13,4.4
3,TOESTAND,Hout,Mar/13,5.8
3,TOESTAND,Hout,Apr/13,5.7
3,TOESTAND,Hout,May/13,6.0
3,TOESTAND,Hout,Jun/13,5.5
3,TOESTAND,Hout,Jul/13,5.2
3,TOESTAND,Hout,Aug/13,3.2
3,TOESTAND,Hout,Sep/13,2.5
3,TOESTAND,Hout,Oct/13,1.7
3,TOESTAND,Hout,Nov/13,4.0
3,TOESTAND,Hout,Dec/13,4.3
3,TOESTAND,Hout,Jan/14,7.1
3,TOESTAND,Hout,Feb/14,7.7
3,TOESTAND,Hout,Mar/14,9.5
3,TOESTAND,Hout,Apr/14,7.2
3,TOESTAND,Hout,May/14,6.6
3,TOESTAND,Hout,Jun/14,5.0
3,TOESTAND,Hout,Jul/14,4.8
3,TOESTAND,Hout,Aug/14,5.4
3,TOESTAND,Hout,Sep/14,6.9
3,TOESTAND,Hout,Oct/14,6.8
3,TOESTAND,Hout,Nov/14,4.2
3,TOESTAND,Hout,Dec/14,3.2
3,TOESTAND,Pampus,Jan/09,3.5
3,TOESTAND,Pampus,Feb/09,4.8
3,TOESTAND,Pampus,Mar/09,4.1
3,TOESTAND,Pampus,Apr/09,5.1
3,TOESTAND,Pampus,May/09,5.2
3,TOESTAND,Pampus,Jun/09,6.7
3,TOESTAND,Pampus,Jul/09,7.7
3,TOESTAND,Pampus,Aug/09,7.4
3,TOESTAND,Pampus,Sep/09,7.3
3,TOESTAND,Pampus,Oct/09,7.6
3,TOESTAND,Pampus,Nov/09,8.2
3,TOESTAND,Pampus,Dec/09,5.7
3,TOESTAND,Pampus,Jan/10,4.6
3,TOESTAND,Pampus,Feb/10,4.7
3,TOESTAND,Pampus,Mar/10,6.7
3,TOESTAND,Pampus,Apr/10,6.0
3,TOESTAND,Pampus,May/10,5.0
3,TOESTAND,Pampus,Jun/10,4.2
3,TOESTAND,Pampus,Jul/10,3.9
3,TOESTAND,Pampus,Aug/10,5.6
3,TOESTAND,Pampus,Sep/10,5.3
3,TOESTAND,Pampus,Oct/10,5.8
3,TOESTAND,Pampus,Nov/10,5.8
3,TOESTAND,Pampus,Dec/10,6.8
3,TOESTAND,Pampus,Jan/11,6.4
3,TOESTAND,Pampus,Feb/11,6.3
3,TOESTAND,Pampus,Mar/11,4.4
3,TOESTAND,Pampus,Apr/11,4.1
3,TOESTAND,Pampus,May/11,2.0
3,TOESTAND,Pampus,Jun/11,4.1
3,TOESTAND,Pampus,Jul/11,5.6
3,TOESTAND,Pampus,Aug/11,5.0
3,TOESTAND,Pampus,Sep/11,5.8
3,TOESTAND,Pampus,Oct/11,6.9
3,TOESTAND,Pampus,Nov/11,8.2
3,TOESTAND,Pampus,Dec/11,6.6
3,TOESTAND,Pampus,Jan/12,3.6
3,TOESTAND,Pampus,Feb/12,3.9
3,TOESTAND,Pampus,Mar/12,3.7
3,TOESTAND,Pampus,Apr/12,4.1
3,TOESTAND,Pampus,May/12,3.8
3,TOESTAND,Pampus,Jun/12,4.9
3,TOESTAND,Pampus,Jul/12,5.7
3,TOESTAND,Pampus,Aug/12,6.0
3,TOESTAND,Pampus,Sep/12,6.0
3,TOESTAND,Pampus,Oct/12,6.0
3,TOESTAND,Pampus,Nov/12,7.1
3,TOESTAND,Pampus,Dec/12,7.6
3,TOESTAND,Pampus,Jan/13,7.0
3,TOESTAND,Pampus,Feb/13,4.2
3,TOESTAND,Pampus,Mar/13,4.0
3,TOESTAND,Pampus,Apr/13,6.1
3,TOESTAND,Pampus,May/13,7.5
3,TOESTAND,Pampus,Jun/13,5.3
3,TOESTAND,Pampus,Jul/13,4.0
3,TOESTAND,Pampus,Aug/13,3.5
3,TOESTAND,Pampus,Sep/13,6.2
3,TOESTAND,Pampus,Oct/13,5.5
3,TOESTAND,Pampus,Nov/13,4.5
3,TOESTAND,Pampus,Dec/13,4.3
3,TOESTAND,Pampus,Jan/14,3.7
3,TOESTAND,Pampus,Feb/14,4.2
3,TOESTAND,Pampus,Mar/14,4.2
3,TOESTAND,Pampus,Apr/14,6.1
3,TOESTAND,Pampus,May/14,6.4
3,TOESTAND,Pampus,Jun/14,4.6
3,TOESTAND,Pampus,Jul/14,2.7
3,TOESTAND,Pampus,Aug/14,2.0
3,TOESTAND,Pampus,Sep/14,1.4
3,TOESTAND,Pampus,Oct/14,2.8
3,TOESTAND,Pampus,Nov/14,5.7
3,TOESTAND,Pampus,Dec/14,5.5
3,TOESTAND,Poort,Jan/09,5.6
3,TOESTAND,Poort,Feb/09,4.7
3,TOESTAND,Poort,Mar/09,5.4
3,TOESTAND,Poort,Apr/09,5.2
3,TOESTAND,Poort,May/09,4.6
3,TOESTAND,Poort,Jun/09,5.5
3,TOESTAND,Poort,Jul/09,4.7
3,TOESTAND,Poort,Aug/09,5.9
3,TOESTAND,Poort,Sep/09,7.2
3,TOESTAND,Poort,Oct/09,8.9
3,TOESTAND,Poort,Nov/09,7.8
3,TOESTAND,Poort,Dec/09,7.0
3,TOESTAND,Poort,Jan/10,4.7
3,TOESTAND,Poort,Feb/10,4.8
3,TOESTAND,Poort,Mar/10,2.7
3,TOESTAND,Poort,Apr/10,4.2
3,TOESTAND,Poort,May/10,3.3
3,TOESTAND,Poort,Jun/10,4.3
3,TOESTAND,Poort,Jul/10,3.3
3,TOESTAND,Poort,Aug/10,4.5
3,TOESTAND,Poort,Sep/10,4.0
3,TOESTAND,Poort,Oct/10,4.1
3,TOESTAND,Poort,Nov/10,3.1
3,TOESTAND,Poort,Dec/10,5.0
3,TOESTAND,Poort,Jan/11,7.1
3,TOESTAND,Poort,Feb/11,7.4
3,TOESTAND,Poort,Mar/11,6.2
3,TOESTAND,Poort,Apr/11,4.8
3,TOESTAND,Poort,May/11,6.4
3,TOESTAND,Poort,Jun/11,6.8
3,TOESTAND,Poort,Jul/11,7.9
3,TOESTAND,Poort,Aug/11,6.6
3,TOESTAND,Poort,Sep/11,5.4
3,TOESTAND,Poort,Oct/11,4.8
3,TOESTAND,Poort,Nov/11,3.8
3,TOESTAND,Poort,Dec/11,3.4
3,TOESTAND,Poort,Jan/12,2.9
3,TOESTAND,Poort,Feb/12,5.0
3,TOESTAND,Poort,Mar/12,6.8
3,TOESTAND,Poort,Apr/12,5.5
3,TOESTAND,Poort,May/12,3.1
3,TOESTAND,Poort,Jun/12,1.3
3,TOESTAND,Poort,Jul/12,1.9
3,TOESTAND,Poort,Aug/12,1.7
3,TOESTAND,Poort,Sep/12,3.7
3,TOESTAND,Poort,Oct/12,4.7
3,TOESTAND,Poort,Nov/12,4.9
3,TOESTAND,Poort,Dec/12,3.4
3,TOESTAND,Poort,Jan/13,1.7
3,TOESTAND,Poort,Feb/13,4.2
3,TOESTAND,Poort,Mar/13,5.2
3,TOESTAND,Poort,Apr/13,7.0
3,TOESTAND,Poort,May/13,5.3
3,TOESTAND,Poort,Jun/13,6.4
3,TOESTAND,Poort,Jul/13,4.6
3,TOESTAND,Poort,Aug/13,4.9
3,TOESTAND,Poort,Sep/13,4.0
3,TOESTAND,Poort,Oct/13,4.0
3,TOESTAND,Poort,Nov/13,3.8
3,TOESTAND,Poort,Dec/13,4.4
3,TOESTAND,Poort,Jan/14,5.9
3,TOESTAND,Poort,Feb/14,6.5
3,TOESTAND,Poort,Mar/14,6.7
3,TOESTAND,Poort,Apr/14,5.2
3,TOESTAND,Poort,May/14,5.2
3,TOESTAND,Poort,Jun/14,2.9
3,TOESTAND,Poort,Jul/14,3.9
3,TOESTAND,Poort,Aug/14,2.2
3,TOESTAND,Poort,Sep/14,1.9
3,TOESTAND,Poort,Oct/14,2.6
3,TOESTAND,Poort,Nov/14,2.9
3,TOESTAND,Poort,Dec/14,3.5
3,TOESTAND,Stad,Jan/09,4.7
3,TOESTAND,Stad,Feb/09,4.4
3,TOESTAND,Stad,Mar/09,4.5
3,TOESTAND,Stad,Apr/09,4.3
3,TOESTAND,Stad,May/09,6.6
3,TOESTAND,Stad,Jun/09,8.2
3,TOESTAND,Stad,Jul/09,6.7
3,TOESTAND,Stad,Aug/09,6.7
3,TOESTAND,Stad,Sep/09,5.0
3,TOESTAND,Stad,Oct/09,3.9
3,TOESTAND,Stad,Nov/09,3.2
3,TOESTAND,Stad,Dec/09,2.6
3,TOESTAND,Stad,Jan/10,3.8
3,TOESTAND,Stad,Feb/10,3.2
3,TOESTAND,Stad,Mar/10,4.8
3,TOESTAND,Stad,Apr/10,3.6
3,TOESTAND,Stad,May/10,3.0
3,TOESTAND,Stad,Jun/10,3.6
3,TOESTAND,Stad,Jul/10,3.6
3,TOESTAND,Stad,Aug/10,3.2
3,TOESTAND,Stad,Sep/10,1.1
3,TOESTAND,Stad,Oct/10,2.3
3,TOESTAND,Stad,Nov/10,3.5
3,TOESTAND,Stad,Dec/10,3.8
3,TOESTAND,Stad,Jan/11,5.3
3,TOESTAND,Stad,Feb/11,4.6
3,TOESTAND,Stad,Mar/11,5.1
3,TOESTAND,Stad,Apr/11,4.8
3,TOESTAND,Stad,May/11,6.6
3,TOESTAND,Stad,Jun/11,7.9
3,TOESTAND,Stad,Jul/11,5.5
3,TOESTAND,Stad,Aug/11,4.1
3,TOESTAND,Stad,Sep/11,3.3
3,TOESTAND,Stad,Oct/11,3.9
3,TOESTAND,Stad,Nov/11,5.3
3,TOESTAND,Stad,Dec/11,4.7
3,TOESTAND,Stad,Jan/12,6.2
3,TOESTAND,Stad,Feb/12,4.4
3,TOESTAND,Stad,Mar/12,4.5
3,TOESTAND,Stad,Apr/12,2.4
3,TOESTAND,Stad,May/12,3.7
3,TOESTAND,Stad,Jun/12,2.8
3,TOESTAND,Stad,Jul/12,4.2
3,TOESTAND,Stad,Aug/12,3.8
3,TOESTAND,Stad,Sep/12,5.7
3,TOESTAND,Stad,Oct/12,5.8
3,TOESTAND,Stad,Nov/12,5.6
3,TOESTAND,Stad,Dec/12,4.6
3,TOESTAND,Stad,Jan/13,5.5
3,TOESTAND,Stad,Feb/13,4.5
3,TOESTAND,Stad,Mar/13,5.2
3,TOESTAND,Stad,Apr/13,3.3
3,TOESTAND,Stad,May/13,4.3
3,TOESTAND,Stad,Jun/13,3.3
3,TOESTAND,Stad,Jul/13,5.7
3,TOESTAND,Stad,Aug/13,6.3
3,TOESTAND,Stad,Sep/13,6.6
3,TOESTAND,Stad,Oct/13,4.6
3,TOESTAND,Stad,Nov/13,3.2
3,TOESTAND,Stad,Dec/13,3.2
3,TOESTAND,Stad,Jan/14,4.4
3,TOESTAND,Stad,Feb/14,6.6
3,TOESTAND,Stad,Mar/14,5.7
3,TOESTAND,Stad,Apr/14,5.3
3,TOESTAND,Stad,May/14,3.6
3,TOESTAND,Stad,Jun/14,5.8
3,TOESTAND,Stad,Jul/14,6.1
3,TOESTAND,Stad,Aug/14,7.8
3,TOESTAND,Stad,Sep/14,7.0
3,TOESTAND,Stad,Oct/14,6.6
3,TOESTAND,Stad,Nov/14,6.3
3,TOESTAND,Stad,Dec/14,4.9
4,OMGEVING,Almere,Jan/09,3.9
4,OMGEVING,Almere,Feb/09,2.6
4,OMGEVING,Almere,Mar/09,5.6
4,OMGEVING,Almere,Apr/09,6.7
4,OMGEVING,Almere,May/09,6.5
4,OMGEVING,Almere,Jun/09,5.4
4,OMGEVING,Almere,Jul/09,5.6
4,OMGEVING,Almere,Aug/09,7.0
4,OMGEVING,Almere,Sep/09,7.0
4,OMGEVING,Almere,Oct/09,8.0
4,OMGEVING,Almere,Nov/09,6.8
4,OMGEVING,Almere,Dec/09,7.9
4,OMGEVING,Almere,Jan/10,7.6
4,OMGEVING,Almere,Feb/10,7.4
4,OMGEVING,Almere,Mar/10,7.0
4,OMGEVING,Almere,Apr/10,7.4
4,OMGEVING,Almere,May/10,7.6
4,OMGEVING,Almere,Jun/10,7.9
4,OMGEVING,Almere,Jul/10,5.8
4,OMGEVING,Almere,Aug/10,5.7
4,OMGEVING,Almere,Sep/10,3.7
4,OMGEVING,Almere,Oct/10,3.7
4,OMGEVING,Almere,Nov/10,5.2
4,OMGEVING,Almere,Dec/10,4.8
4,OMGEVING,Almere,Jan/11,6.7
4,OMGEVING,Almere,Feb/11,4.2
4,OMGEVING,Almere,Mar/11,5.6
4,OMGEVING,Almere,Apr/11,5.6
4,OMGEVING,Almere,May/11,5.6
4,OMGEVING,Almere,Jun/11,3.9
4,OMGEVING,Almere,Jul/11,1.1
4,OMGEVING,Almere,Aug/11,1.4
4,OMGEVING,Almere,Sep/11,2.0
4,OMGEVING,Almere,Oct/11,2.9
4,OMGEVING,Almere,Nov/11,3.6
4,OMGEVING,Almere,Dec/11,5.7
4,OMGEVING,Almere,Jan/12,5.8
4,OMGEVING,Almere,Feb/12,5.3
4,OMGEVING,Almere,Mar/12,3.9
4,OMGEVING,Almere,Apr/12,3.0
4,OMGEVING,Almere,May/12,5.0
4,OMGEVING,Almere,Jun/12,4.9
4,OMGEVING,Almere,Jul/12,4.8
4,OMGEVING,Almere,Aug/12,3.2
4,OMGEVING,Almere,Sep/12,2.1
4,OMGEVING,Almere,Oct/12,1.9
4,OMGEVING,Almere,Nov/12,3.1
4,OMGEVING,Almere,Dec/12,3.1
4,OMGEVING,Almere,Jan/13,5.7
4,OMGEVING,Almere,Feb/13,4.1
4,OMGEVING,Almere,Mar/13,5.9
4,OMGEVING,Almere,Apr/13,4.6
4,OMGEVING,Almere,May/13,6.8
4,OMGEVING,Almere,Jun/13,6.3
4,OMGEVING,Almere,Jul/13,7.5
4,OMGEVING,Almere,Aug/13,5.1
4,OMGEVING,Almere,Sep/13,4.7
4,OMGEVING,Almere,Oct/13,2.9
4,OMGEVING,Almere,Nov/13,2.8
4,OMGEVING,Almere,Dec/13,2.1
4,OMGEVING,Almere,Jan/14,3.3
4,OMGEVING,Almere,Feb/14,3.6
4,OMGEVING,Almere,Mar/14,5.1
4,OMGEVING,Almere,Apr/14,5.7
4,OMGEVING,Almere,May/14,6.6
4,OMGEVING,Almere,Jun/14,7.5
4,OMGEVING,Almere,Jul/14,6.7
4,OMGEVING,Almere,Aug/14,6.5
4,OMGEVING,Almere,Sep/14,3.8
4,OMGEVING,Almere,Oct/14,5.0
4,OMGEVING,Almere,Nov/14,6.2
4,OMGEVING,Almere,Dec/14,6.2
4,OMGEVING,Buiten,Jan/09,6.2
4,OMGEVING,Buiten,Feb/09,4.1
4,OMGEVING,Buiten,Mar/09,5.0
4,OMGEVING,Buiten,Apr/09,4.6
4,OMGEVING,Buiten,May/09,4.4
4,OMGEVING,Buiten,Jun/09,3.7
4,OMGEVING,Buiten,Jul/09,1.2
4,OMGEVING,Buiten,Aug/09,3.1
4,OMGEVING,Buiten,Sep/09,5.8
4,OMGEVING,Buiten,Oct/09,7.8
4,OMGEVING,Buiten,Nov/09,8.0
4,OMGEVING,Buiten,Dec/09,5.7
4,OMGEVING,Buiten,Jan/10,6.0
4,OMGEVING,Buiten,Feb/10,5.6
4,OMGEVING,Buiten,Mar/10,7.7
4,OMGEVING,Buiten,Apr/10,6.8
4,OMGEVING,Buiten,May/10,7.6
4,OMGEVING,Buiten,Jun/10,5.9
4,OMGEVING,Buiten,Jul/10,5.9
4,OMGEVING,Buiten,Aug/10,4.3
4,OMGEVING,Buiten,Sep/10,6.1
4,OMGEVING,Buiten,Oct/10,7.2
4,OMGEVING,Buiten,Nov/10,9.3
4,OMGEVING,Buiten,Dec/10,8.3
4,OMGEVING,Buiten,Jan/11,6.6
4,OMGEVING,Buiten,Feb/11,6.3
4,OMGEVING,Buiten,Mar/11,6.2
4,OMGEVING,Buiten,Apr/11,5.6
4,OMGEVING,Buiten,May/11,3.9
4,OMGEVING,Buiten,Jun/11,2.9
4,OMGEVING,Buiten,Jul/11,2.9
4,OMGEVING,Buiten,Aug/11,3.0
4,OMGEVING,Buiten,Sep/11,2.4
4,OMGEVING,Buiten,Oct/11,4.0
4,OMGEVING,Buiten,Nov/11,2.9
4,OMGEVING,Buiten,Dec/11,4.8
4,OMGEVING,Buiten,Jan/12,2.9
4,OMGEVING,Buiten,Feb/12,3.8
4,OMGEVING,Buiten,Mar/12,4.3
4,OMGEVING,Buiten,Apr/12,6.6
4,OMGEVING,Buiten,May/12,7.6
4,OMGEVING,Buiten,Jun/12,6.7
4,OMGEVING,Buiten,Jul/12,6.9
4,OMGEVING,Buiten,Aug/12,5.3
4,OMGEVING,Buiten,Sep/12,6.0
4,OMGEVING,Buiten,Oct/12,4.6
4,OMGEVING,Buiten,Nov/12,5.3
4,OMGEVING,Buiten,Dec/12,3.7
4,OMGEVING,Buiten,Jan/13,5.1
4,OMGEVING,Buiten,Feb/13,4.0
4,OMGEVING,Buiten,Mar/13,5.2
4,OMGEVING,Buiten,Apr/13,2.8
4,OMGEVING,Buiten,May/13,4.7
4,OMGEVING,Buiten,Jun/13,3.9
4,OMGEVING,Buiten,Jul/13,3.8
4,OMGEVING,Buiten,Aug/13,1.9
4,OMGEVING,Buiten,Sep/13,3.9
4,OMGEVING,Buiten,Oct/13,4.8
4,OMGEVING,Buiten,Nov/13,5.2
4,OMGEVING,Buiten,Dec/13,2.7
4,OMGEVING,Buiten,Jan/14,2.5
4,OMGEVING,Buiten,Feb/14,4.3
4,OMGEVING,Buiten,Mar/14,4.9
4,OMGEVING,Buiten,Apr/14,4.6
4,OMGEVING,Buiten,May/14,5.2
4,OMGEVING,Buiten,Jun/14,4.2
4,OMGEVING,Buiten,Jul/14,5.9
4,OMGEVING,Buiten,Aug/14,4.4
4,OMGEVING,Buiten,Sep/14,6.6
4,OMGEVING,Buiten,Oct/14,5.9
4,OMGEVING,Buiten,Nov/14,4.7
4,OMGEVING,Buiten,Dec/14,4.3
4,OMGEVING,Haven,Jan/09,3.4
4,OMGEVING,Haven,Feb/09,4.7
4,OMGEVING,Haven,Mar/09,4.5
4,OMGEVING,Haven,Apr/09,6.4
4,OMGEVING,Haven,May/09,5.8
4,OMGEVING,Haven,Jun/09,4.5
4,OMGEVING,Haven,Jul/09,3.5
4,OMGEVING,Haven,Aug/09,4.2
4,OMGEVING,Haven,Sep/09,4.7
4,OMGEVING,Haven,Oct/09,3.8
4,OMGEVING,Haven,Nov/09,4.3
4,OMGEVING,Haven,Dec/09,6.0
4,OMGEVING,Haven,Jan/10,7.8
4,OMGEVING,Haven,Feb/10,6.2
4,OMGEVING,Haven,Mar/10,5.7
4,OMGEVING,Haven,Apr/10,5.9
4,OMGEVING,Haven,May/10,6.2
4,OMGEVING,Haven,Jun/10,5.2
4,OMGEVING,Haven,Jul/10,2.6
4,OMGEVING,Haven,Aug/10,2.1
4,OMGEVING,Haven,Sep/10,2.7
4,OMGEVING,Haven,Oct/10,5.3
4,OMGEVING,Haven,Nov/10,8.0
4,OMGEVING,Haven,Dec/10,8.4
4,OMGEVING,Haven,Jan/11,6.6
4,OMGEVING,Haven,Feb/11,4.6
4,OMGEVING,Haven,Mar/11,2.4
4,OMGEVING,Haven,Apr/11,2.7
4,OMGEVING,Haven,May/11,3.7
4,OMGEVING,Haven,Jun/11,5.6
4,OMGEVING,Haven,Jul/11,5.8
4,OMGEVING,Haven,Aug/11,4.4
4,OMGEVING,Haven,Sep/11,3.9
4,OMGEVING,Haven,Oct/11,5.5
4,OMGEVING,Haven,Nov/11,5.8
4,OMGEVING,Haven,Dec/11,6.7
4,OMGEVING,Haven,Jan/12,5.8
4,OMGEVING,Haven,Feb/12,6.9
4,OMGEVING,Haven,Mar/12,4.7
4,OMGEVING,Haven,Apr/12,3.5
4,OMGEVING,Haven,May/12,4.7
4,OMGEVING,Haven,Jun/12,5.0
4,OMGEVING,Haven,Jul/12,6.2
4,OMGEVING,Haven,Aug/12,5.5
4,OMGEVING,Haven,Sep/12,6.2
4,OMGEVING,Haven,Oct/12,5.4
4,OMGEVING,Haven,Nov/12,5.5
4,OMGEVING,Haven,Dec/12,6.4
4,OMGEVING,Haven,Jan/13,5.5
4,OMGEVING,Haven,Feb/13,4.3
4,OMGEVING,Haven,Mar/13,2.5
4,OMGEVING,Haven,Apr/13,4.5
4,OMGEVING,Haven,May/13,5.4
4,OMGEVING,Haven,Jun/13,7.4
4,OMGEVING,Haven,Jul/13,6.9
4,OMGEVING,Haven,Aug/13,6.9
4,OMGEVING,Haven,Sep/13,5.3
4,OMGEVING,Haven,Oct/13,5.7
4,OMGEVING,Haven,Nov/13,4.0
4,OMGEVING,Haven,Dec/13,3.4
4,OMGEVING,Haven,Jan/14,2.4
4,OMGEVING,Haven,Feb/14,2.2
4,OMGEVING,Haven,Mar/14,3.4
4,OMGEVING,Haven,Apr/14,5.1
4,OMGEVING,Haven,May/14,5.7
4,OMGEVING,Haven,Jun/14,5.9
4,OMGEVING,Haven,Jul/14,3.9
4,OMGEVING,Haven,Aug/14,3.8
4,OMGEVING,Haven,Sep/14,2.9
4,OMGEVING,Haven,Oct/14,2.3
4,OMGEVING,Haven,Nov/14,4.5
4,OMGEVING,Haven,Dec/14,6.4
4,OMGEVING,Hout,Jan/09,6.5
4,OMGEVING,Hout,Feb/09,6.1
4,OMGEVING,Hout,Mar/09,3.4
4,OMGEVING,Hout,Apr/09,3.5
4,OMGEVING,Hout,May/09,2.8
4,OMGEVING,Hout,Jun/09,4.8
4,OMGEVING,Hout,Jul/09,4.7
4,OMGEVING,Hout,Aug/09,5.3
4,OMGEVING,Hout,Sep/09,5.8
4,OMGEVING,Hout,Oct/09,8.1
4,OMGEVING,Hout,Nov/09,8.1
4,OMGEVING,Hout,Dec/09,7.3
4,OMGEVING,Hout,Jan/10,6.8
4,OMGEVING,Hout,Feb/10,7.1
4,OMGEVING,Hout,Mar/10,5.8
4,OMGEVING,Hout,Apr/10,6.8
4,OMGEVING,Hout,May/10,6.6
4,OMGEVING,Hout,Jun/10,6.7
4,OMGEVING,Hout,Jul/10,6.8
4,OMGEVING,Hout,Aug/10,7.0
4,OMGEVING,Hout,Sep/10,6.8
4,OMGEVING,Hout,Oct/10,5.9
4,OMGEVING,Hout,Nov/10,5.4
4,OMGEVING,Hout,Dec/10,6.9
4,OMGEVING,Hout,Jan/11,5.9
4,OMGEVING,Hout,Feb/11,5.2
4,OMGEVING,Hout,Mar/11,4.3
4,OMGEVING,Hout,Apr/11,4.9
4,OMGEVING,Hout,May/11,5.0
4,OMGEVING,Hout,Jun/11,4.0
4,OMGEVING,Hout,Jul/11,5.4
4,OMGEVING,Hout,Aug/11,6.9
4,OMGEVING,Hout,Sep/11,8.6
4,OMGEVING,Hout,Oct/11,7.4
4,OMGEVING,Hout,Nov/11,7.0
4,OMGEVING,Hout,Dec/11,6.8
4,OMGEVING,Hout,Jan/12,5.2
4,OMGEVING,Hout,Feb/12,4.6
4,OMGEVING,Hout,Mar/12,3.6
4,OMGEVING,Hout,Apr/12,3.8
4,OMGEVING,Hout,May/12,4.5
4,OMGEVING,Hout,Jun/12,5.3
4,OMGEVING,Hout,Jul/12,7.2
4,OMGEVING,Hout,Aug/12,7.3
4,OMGEVING,Hout,Sep/12,7.9
4,OMGEVING,Hout,Oct/12,8.2
4,OMGEVING,Hout,Nov/12,7.3
4,OMGEVING,Hout,Dec/12,8.3
4,OMGEVING,Hout,Jan/13,6.1
4,OMGEVING,Hout,Feb/13,6.9
4,OMGEVING,Hout,Mar/13,6.4
4,OMGEVING,Hout,Apr/13,6.4
4,OMGEVING,Hout,May/13,4.4
4,OMGEVING,Hout,Jun/13,3.7
4,OMGEVING,Hout,Jul/13,5.9
4,OMGEVING,Hout,Aug/13,7.9
4,OMGEVING,Hout,Sep/13,7.4
4,OMGEVING,Hout,Oct/13,7.1
4,OMGEVING,Hout,Nov/13,5.2
4,OMGEVING,Hout,Dec/13,5.2
4,OMGEVING,Hout,Jan/14,5.5
4,OMGEVING,Hout,Feb/14,6.0
4,OMGEVING,Hout,Mar/14,5.2
4,OMGEVING,Hout,Apr/14,4.5
4,OMGEVING,Hout,May/14,6.3
4,OMGEVING,Hout,Jun/14,6.5
4,OMGEVING,Hout,Jul/14,5.6
4,OMGEVING,Hout,Aug/14,5.4
4,OMGEVING,Hout,Sep/14,7.6
4,OMGEVING,Hout,Oct/14,9.1
4,OMGEVING,Hout,Nov/14,7.8
4,OMGEVING,Hout,Dec/14,7.5
4,OMGEVING,Pampus,Jan/09,6.4
4,OMGEVING,Pampus,Feb/09,7.8
4,OMGEVING,Pampus,Mar/09,5.9
4,OMGEVING,Pampus,Apr/09,6.8
4,OMGEVING,Pampus,May/09,4.6
4,OMGEVING,Pampus,Jun/09,4.3
4,OMGEVING,Pampus,Jul/09,1.9
4,OMGEVING,Pampus,Aug/09,4.3
4,OMGEVING,Pampus,Sep/09,4.3
4,OMGEVING,Pampus,Oct/09,6.5
4,OMGEVING,Pampus,Nov/09,4.3
4,OMGEVING,Pampus,Dec/09,3.7
4,OMGEVING,Pampus,Jan/10,1.6
4,OMGEVING,Pampus,Feb/10,3.0
4,OMGEVING,Pampus,Mar/10,3.8
4,OMGEVING,Pampus,Apr/10,5.3
4,OMGEVING,Pampus,May/10,3.8
4,OMGEVING,Pampus,Jun/10,3.2
4,OMGEVING,Pampus,Jul/10,4.6
4,OMGEVING,Pampus,Aug/10,4.2
4,OMGEVING,Pampus,Sep/10,6.7
4,OMGEVING,Pampus,Oct/10,6.5
4,OMGEVING,Pampus,Nov/10,6.5
4,OMGEVING,Pampus,Dec/10,3.7
4,OMGEVING,Pampus,Jan/11,1.8
4,OMGEVING,Pampus,Feb/11,2.7
4,OMGEVING,Pampus,Mar/11,5.1
4,OMGEVING,Pampus,Apr/11,7.1
4,OMGEVING,Pampus,May/11,6.5
4,OMGEVING,Pampus,Jun/11,5.2
4,OMGEVING,Pampus,Jul/11,3.0
4,OMGEVING,Pampus,Aug/11,5.5
4,OMGEVING,Pampus,Sep/11,4.4
4,OMGEVING,Pampus,Oct/11,5.1
4,OMGEVING,Pampus,Nov/11,5.1
4,OMGEVING,Pampus,Dec/11,6.9
4,OMGEVING,Pampus,Jan/12,7.0
4,OMGEVING,Pampus,Feb/12,4.2
4,OMGEVING,Pampus,Mar/12,4.5
4,OMGEVING,Pampus,Apr/12,5.5
4,OMGEVING,Pampus,May/12,8.0
4,OMGEVING,Pampus,Jun/12,8.2
4,OMGEVING,Pampus,Jul/12,7.6
4,OMGEVING,Pampus,Aug/12,5.1
4,OMGEVING,Pampus,Sep/12,4.9
4,OMGEVING,Pampus,Oct/12,4.1
4,OMGEVING,Pampus,Nov/12,4.1
4,OMGEVING,Pampus,Dec/12,4.4
4,OMGEVING,Pampus,Jan/13,5.4
4,OMGEVING,Pampus,Feb/13,6.2
4,OMGEVING,Pampus,Mar/13,4.3
4,OMGEVING,Pampus,Apr/13,3.0
4,OMGEVING,Pampus,May/13,3.8
4,OMGEVING,Pampus,Jun/13,5.2
4,OMGEVING,Pampus,Jul/13,5.7
4,OMGEVING,Pampus,Aug/13,4.3
4,OMGEVING,Pampus,Sep/13,5.3
4,OMGEVING,Pampus,Oct/13,4.2
4,OMGEVING,Pampus,Nov/13,3.9
4,OMGEVING,Pampus,Dec/13,3.7
4,OMGEVING,Pampus,Jan/14,4.8
4,OMGEVING,Pampus,Feb/14,5.0
4,OMGEVING,Pampus,Mar/14,3.2
4,OMGEVING,Pampus,Apr/14,4.2
4,OMGEVING,Pampus,May/14,4.9
4,OMGEVING,Pampus,Jun/14,4.7
4,OMGEVING,Pampus,Jul/14,4.8
4,OMGEVING,Pampus,Aug/14,5.9
4,OMGEVING,Pampus,Sep/14,7.9
4,OMGEVING,Pampus,Oct/14,6.8
4,OMGEVING,Pampus,Nov/14,7.5
4,OMGEVING,Pampus,Dec/14,5.9
4,OMGEVING,Poort,Jan/09,4.8
4,OMGEVING,Poort,Feb/09,2.9
4,OMGEVING,Poort,Mar/09,3.4
4,OMGEVING,Poort,Apr/09,3.9
4,OMGEVING,Poort,May/09,5.7
4,OMGEVING,Poort,Jun/09,5.4
4,OMGEVING,Poort,Jul/09,5.8
4,OMGEVING,Poort,Aug/09,5.8
4,OMGEVING,Poort,Sep/09,6.8
4,OMGEVING,Poort,Oct/09,6.5
4,OMGEVING,Poort,Nov/09,6.3
4,OMGEVING,Poort,Dec/09,4.6
4,OMGEVING,Poort,Jan/10,6.7
4,OMGEVING,Poort,Feb/10,5.2
4,OMGEVING,Poort,Mar/10,6.3
4,OMGEVING,Poort,Apr/10,3.6
4,OMGEVING,Poort,May/10,4.6
4,OMGEVING,Poort,Jun/10,3.2
4,OMGEVING,Poort,Jul/10,4.5
4,OMGEVING,Poort,Aug/10,3.6
4,OMGEVING,Poort,Sep/10,5.1
4,OMGEVING,Poort,Oct/10,4.4
4,OMGEVING,Poort,Nov/10,3.5
4,OMGEVING,Poort,Dec/10,2.2
4,OMGEVING,Poort,Jan/11,4.3
4,OMGEVING,Poort,Feb/11,4.1
4,OMGEVING,Poort,Mar/11,4.6
4,OMGEVING,Poort,Apr/11,4.2
4,OMGEVING,Poort,May/11,5.1
4,OMGEVING,Poort,Jun/11,5.4
4,OMGEVING,Poort,Jul/11,5.8
4,OMGEVING,Poort,Aug/11,5.6
4,OMGEVING,Poort,Sep/11,4.9
4,OMGEVING,Poort,Oct/11,2.1
4,OMGEVING,Poort,Nov/11,3.5
4,OMGEVING,Poort,Dec/11,5.5
4,OMGEVING,Poort,Jan/12,6.5
4,OMGEVING,Poort,Feb/12,7.2
4,OMGEVING,Poort,Mar/12,5.3
4,OMGEVING,Poort,Apr/12,5.0
4,OMGEVING,Poort,May/12,5.1
4,OMGEVING,Poort,Jun/12,6.4
4,OMGEVING,Poort,Jul/12,7.6
4,OMGEVING,Poort,Aug/12,5.0
4,OMGEVING,Poort,Sep/12,5.3
4,OMGEVING,Poort,Oct/12,4.6
4,OMGEVING,Poort,Nov/12,4.6
4,OMGEVING,Poort,Dec/12,4.5
4,OMGEVING,Poort,Jan/13,3.4
4,OMGEVING,Poort,Feb/13,5.1
4,OMGEVING,Poort,Mar/13,5.7
4,OMGEVING,Poort,Apr/13,6.8
4,OMGEVING,Poort,May/13,6.6
4,OMGEVING,Poort,Jun/13,4.5
4,OMGEVING,Poort,Jul/13,6.3
4,OMGEVING,Poort,Aug/13,6.1
4,OMGEVING,Poort,Sep/13,8.3
4,OMGEVING,Poort,Oct/13,7.3
4,OMGEVING,Poort,Nov/13,8.0
4,OMGEVING,Poort,Dec/13,5.2
4,OMGEVING,Poort,Jan/14,4.4
4,OMGEVING,Poort,Feb/14,2.7
4,OMGEVING,Poort,Mar/14,2.9
4,OMGEVING,Poort,Apr/14,3.7
4,OMGEVING,Poort,May/14,5.2
4,OMGEVING,Poort,Jun/14,7.3
4,OMGEVING,Poort,Jul/14,8.4
4,OMGEVING,Poort,Aug/14,6.7
4,OMGEVING,Poort,Sep/14,6.8
4,OMGEVING,Poort,Oct/14,5.3
4,OMGEVING,Poort,Nov/14,5.9
4,OMGEVING,Poort,Dec/14,5.0
4,OMGEVING,Stad,Jan/09,6.3
4,OMGEVING,Stad,Feb/09,7.7
4,OMGEVING,Stad,Mar/09,7.3
4,OMGEVING,Stad,Apr/09,7.3
4,OMGEVING,Stad,May/09,6.3
4,OMGEVING,Stad,Jun/09,6.4
4,OMGEVING,Stad,Jul/09,3.5
4,OMGEVING,Stad,Aug/09,3.5
4,OMGEVING,Stad,Sep/09,3.0
4,OMGEVING,Stad,Oct/09,5.4
4,OMGEVING,Stad,Nov/09,6.0
4,OMGEVING,Stad,Dec/09,8.0
4,OMGEVING,Stad,Jan/10,8.2
4,OMGEVING,Stad,Feb/10,9.2
4,OMGEVING,Stad,Mar/10,7.3
4,OMGEVING,Stad,Apr/10,6.5
4,OMGEVING,Stad,May/10,5.6
4,OMGEVING,Stad,Jun/10,7.1
4,OMGEVING,Stad,Jul/10,7.9
4,OMGEVING,Stad,Aug/10,8.7
4,OMGEVING,Stad,Sep/10,8.5
4,OMGEVING,Stad,Oct/10,8.5
4,OMGEVING,Stad,Nov/10,8.2
4,OMGEVING,Stad,Dec/10,8.5
4,OMGEVING,Stad,Jan/11,5.9
4,OMGEVING,Stad,Feb/11,4.3
4,OMGEVING,Stad,Mar/11,2.0
4,OMGEVING,Stad,Apr/11,4.3
4,OMGEVING,Stad,May/11,4.3
4,OMGEVING,Stad,Jun/11,5.4
4,OMGEVING,Stad,Jul/11,3.7
4,OMGEVING,Stad,Aug/11,4.9
4,OMGEVING,Stad,Sep/11,3.7
4,OMGEVING,Stad,Oct/11,4.9
4,OMGEVING,Stad,Nov/11,4.8
4,OMGEVING,Stad,Dec/11,6.2
4,OMGEVING,Stad,Jan/12,6.6
4,OMGEVING,Stad,Feb/12,5.0
4,OMGEVING,Stad,Mar/12,5.8
4,OMGEVING,Stad,Apr/12,3.8
4,OMGEVING,Stad,May/12,3.4
4,OMGEVING,Stad,Jun/12,1.2
4,OMGEVING,Stad,Jul/12,1.8
4,OMGEVING,Stad,Aug/12,4.8
4,OMGEVING,Stad,Sep/12,5.0
4,OMGEVING,Stad,Oct/12,5.7
4,OMGEVING,Stad,Nov/12,4.9
4,OMGEVING,Stad,Dec/12,5.0
4,OMGEVING,Stad,Jan/13,5.2
4,OMGEVING,Stad,Feb/13,4.1
4,OMGEVING,Stad,Mar/13,5.4
4,OMGEVING,Stad,Apr/13,4.1
4,OMGEVING,Stad,May/13,3.7
4,OMGEVING,Stad,Jun/13,3.2
4,OMGEVING,Stad,Jul/13,3.0
4,OMGEVING,Stad,Aug/13,4.9
4,OMGEVING,Stad,Sep/13,4.0
4,OMGEVING,Stad,Oct/13,4.4
4,OMGEVING,Stad,Nov/13,1.8
4,OMGEVING,Stad,Dec/13,2.1
4,OMGEVING,Stad,Jan/14,3.3
4,OMGEVING,Stad,Feb/14,4.7
4,OMGEVING,Stad,Mar/14,4.7
4,OMGEVING,Stad,Apr/14,5.3
4,OMGEVING,Stad,May/14,4.7
4,OMGEVING,Stad,Jun/14,7.3
4,OMGEVING,Stad,Jul/14,5.2
4,OMGEVING,Stad,Aug/14,6.3
4,OMGEVING,Stad,Sep/14,3.3
4,OMGEVING,Stad,Oct/14,3.4
4,OMGEVING,Stad,Nov/14,4.0
4,OMGEVING,Stad,Dec/14,5.1
5,GEBRUIK,Almere,Jan/09,7.2
5,GEBRUIK,Almere,Feb/09,4.6
5,GEBRUIK,Almere,Mar/09,5.0
5,GEBRUIK,Almere,Apr/09,4.8
5,GEBRUIK,Almere,May/09,7.5
5,GEBRUIK,Almere,Jun/09,8.7
5,GEBRUIK,Almere,Jul/09,7.9
5,GEBRUIK,Almere,Aug/09,6.7
5,GEBRUIK,Almere,Sep/09,6.1
5,GEBRUIK,Almere,Oct/09,4.5
5,GEBRUIK,Almere,Nov/09,3.1
5,GEBRUIK,Almere,Dec/09,3.4
5,GEBRUIK,Almere,Jan/10,6.0
5,GEBRUIK,Almere,Feb/10,7.4
5,GEBRUIK,Almere,Mar/10,7.7
5,GEBRUIK,Almere,Apr/10,5.9
5,GEBRUIK,Almere,May/10,6.3
5,GEBRUIK,Almere,Jun/10,6.4
5,GEBRUIK,Almere,Jul/10,6.2
5,GEBRUIK,Almere,Aug/10,6.2
5,GEBRUIK,Almere,Sep/10,4.5
5,GEBRUIK,Almere,Oct/10,5.9
5,GEBRUIK,Almere,Nov/10,4.3
5,GEBRUIK,Almere,Dec/10,4.1
5,GEBRUIK,Almere,Jan/11,4.3
5,GEBRUIK,Almere,Feb/11,4.3
5,GEBRUIK,Almere,Mar/11,4.3
5,GEBRUIK,Almere,Apr/11,2.1
5,GEBRUIK,Almere,May/11,4.1
5,GEBRUIK,Almere,Jun/11,3.5
5,GEBRUIK,Almere,Jul/11,6.0
5,GEBRUIK,Almere,Aug/11,6.0
5,GEBRUIK,Almere,Sep/11,8.3
5,GEBRUIK,Almere,Oct/11,5.9
5,GEBRUIK,Almere,Nov/11,3.5
5,GEBRUIK,Almere,Dec/11,1.2
5,GEBRUIK,Almere,Jan/12,3.4
5,GEBRUIK,Almere,Feb/12,4.2
5,GEBRUIK,Almere,Mar/12,5.2
5,GEBRUIK,Almere,Apr/12,2.9
5,GEBRUIK,Almere,May/12,2.6
5,GEBRUIK,Almere,Jun/12,2.6
5,GEBRUIK,Almere,Jul/12,3.6
5,GEBRUIK,Almere,Aug/12,3.7
5,GEBRUIK,Almere,Sep/12,3.3
5,GEBRUIK,Almere,Oct/12,4.4
5,GEBRUIK,Almere,Nov/12,5.0
5,GEBRUIK,Almere,Dec/12,7.2
5,GEBRUIK,Almere,Jan/13,5.1
5,GEBRUIK,Almere,Feb/13,5.5
5,GEBRUIK,Almere,Mar/13,3.1
5,GEBRUIK,Almere,Apr/13,3.9
5,GEBRUIK,Almere,May/13,4.6
5,GEBRUIK,Almere,Jun/13,4.4
5,GEBRUIK,Almere,Jul/13,3.9
5,GEBRUIK,Almere,Aug/13,3.7
5,GEBRUIK,Almere,Sep/13,4.5
5,GEBRUIK,Almere,Oct/13,6.6
5,GEBRUIK,Almere,Nov/13,4.9
5,GEBRUIK,Almere,Dec/13,5.2
5,GEBRUIK,Almere,Jan/14,5.1
5,GEBRUIK,Almere,Feb/14,5.1
5,GEBRUIK,Almere,Mar/14,3.9
5,GEBRUIK,Almere,Apr/14,2.4
5,GEBRUIK,Almere,May/14,4.3
5,GEBRUIK,Almere,Jun/14,5.3
5,GEBRUIK,Almere,Jul/14,7.1
5,GEBRUIK,Almere,Aug/14,4.7
5,GEBRUIK,Almere,Sep/14,5.4
5,GEBRUIK,Almere,Oct/14,4.8
5,GEBRUIK,Almere,Nov/14,6.4
5,GEBRUIK,Almere,Dec/14,6.4
5,GEBRUIK,Buiten,Jan/09,4.6
5,GEBRUIK,Buiten,Feb/09,4.2
5,GEBRUIK,Buiten,Mar/09,3.1
5,GEBRUIK,Buiten,Apr/09,2.8
5,GEBRUIK,Buiten,May/09,2.5
5,GEBRUIK,Buiten,Jun/09,3.4
5,GEBRUIK,Buiten,Jul/09,5.2
5,GEBRUIK,Buiten,Aug/09,5.8
5,GEBRUIK,Buiten,Sep/09,5.0
5,GEBRUIK,Buiten,Oct/09,4.1
5,GEBRUIK,Buiten,Nov/09,3.1
5,GEBRUIK,Buiten,Dec/09,4.8
5,GEBRUIK,Buiten,Jan/10,5.6
5,GEBRUIK,Buiten,Feb/10,5.2
5,GEBRUIK,Buiten,Mar/10,3.4
5,GEBRUIK,Buiten,Apr/10,2.8
5,GEBRUIK,Buiten,May/10,3.0
5,GEBRUIK,Buiten,Jun/10,3.4
5,GEBRUIK,Buiten,Jul/10,3.9
5,GEBRUIK,Buiten,Aug/10,3.6
5,GEBRUIK,Buiten,Sep/10,2.8
5,GEBRUIK,Buiten,Oct/10,3.4
5,GEBRUIK,Buiten,Nov/10,4.4
5,GEBRUIK,Buiten,Dec/10,5.3
5,GEBRUIK,Buiten,Jan/11,5.4
5,GEBRUIK,Buiten,Feb/11,7.0
5,GEBRUIK,Buiten,Mar/11,7.0
5,GEBRUIK,Buiten,Apr/11,4.6
5,GEBRUIK,Buiten,May/11,4.7
5,GEBRUIK,Buiten,Jun/11,6.3
5,GEBRUIK,Buiten,Jul/11,8.7
5,GEBRUIK,Buiten,Aug/11,6.4
5,GEBRUIK,Buiten,Sep/11,3.9
5,GEBRUIK,Buiten,Oct/11,2.3
5,GEBRUIK,Buiten,Nov/11,1.9
5,GEBRUIK,Buiten,Dec/11,2.8
5,GEBRUIK,Buiten,Jan/12,4.9
5,GEBRUIK,Buiten,Feb/12,7.5
5,GEBRUIK,Buiten,Mar/12,7.5
5,GEBRUIK,Buiten,Apr/12,6.8
5,GEBRUIK,Buiten,May/12,6.1
5,GEBRUIK,Buiten,Jun/12,6.9
5,GEBRUIK,Buiten,Jul/12,4.7
5,GEBRUIK,Buiten,Aug/12,5.1
5,GEBRUIK,Buiten,Sep/12,5.2
5,GEBRUIK,Buiten,Oct/12,7.9
5,GEBRUIK,Buiten,Nov/12,5.7
5,GEBRUIK,Buiten,Dec/12,4.0
5,GEBRUIK,Buiten,Jan/13,1.4
5,GEBRUIK,Buiten,Feb/13,3.4
5,GEBRUIK,Buiten,Mar/13,3.3
5,GEBRUIK,Buiten,Apr/13,5.5
5,GEBRUIK,Buiten,May/13,3.3
5,GEBRUIK,Buiten,Jun/13,3.4
5,GEBRUIK,Buiten,Jul/13,3.1
5,GEBRUIK,Buiten,Aug/13,3.7
5,GEBRUIK,Buiten,Sep/13,5.9
5,GEBRUIK,Buiten,Oct/13,5.4
5,GEBRUIK,Buiten,Nov/13,4.8
5,GEBRUIK,Buiten,Dec/13,5.1
5,GEBRUIK,Buiten,Jan/14,4.1
5,GEBRUIK,Buiten,Feb/14,5.0
5,GEBRUIK,Buiten,Mar/14,5.1
5,GEBRUIK,Buiten,Apr/14,5.8
5,GEBRUIK,Buiten,May/14,5.3
5,GEBRUIK,Buiten,Jun/14,5.6
5,GEBRUIK,Buiten,Jul/14,4.6
5,GEBRUIK,Buiten,Aug/14,4.4
5,GEBRUIK,Buiten,Sep/14,4.1
5,GEBRUIK,Buiten,Oct/14,3.7
5,GEBRUIK,Buiten,Nov/14,5.5
5,GEBRUIK,Buiten,Dec/14,5.5
5,GEBRUIK,Haven,Jan/09,7.3
5,GEBRUIK,Haven,Feb/09,7.4
5,GEBRUIK,Haven,Mar/09,5.5
5,GEBRUIK,Haven,Apr/09,6.5
5,GEBRUIK,Haven,May/09,6.1
5,GEBRUIK,Haven,Jun/09,8.4
5,GEBRUIK,Haven,Jul/09,5.7
5,GEBRUIK,Haven,Aug/09,5.7
5,GEBRUIK,Haven,Sep/09,4.6
5,GEBRUIK,Haven,Oct/09,5.5
5,GEBRUIK,Haven,Nov/09,5.8
5,GEBRUIK,Haven,Dec/09,4.7
5,GEBRUIK,Haven,Jan/10,4.2
5,GEBRUIK,Haven,Feb/10,4.0
5,GEBRUIK,Haven,Mar/10,4.2
5,GEBRUIK,Haven,Apr/10,6.0
5,GEBRUIK,Haven,May/10,7.0
5,GEBRUIK,Haven,Jun/10,7.6
5,GEBRUIK,Haven,Jul/10,7.9
5,GEBRUIK,Haven,Aug/10,6.8
5,GEBRUIK,Haven,Sep/10,5.4
5,GEBRUIK,Haven,Oct/10,4.1
5,GEBRUIK,Haven,Nov/10,2.9
5,GEBRUIK,Haven,Dec/10,4.3
5,GEBRUIK,Haven,Jan/11,5.5
5,GEBRUIK,Haven,Feb/11,5.4
5,GEBRUIK,Haven,Mar/11,6.8
5,GEBRUIK,Haven,Apr/11,5.6
5,GEBRUIK,Haven,May/11,6.8
5,GEBRUIK,Haven,Jun/11,4.0
5,GEBRUIK,Haven,Jul/11,5.5
5,GEBRUIK,Haven,Aug/11,6.4
5,GEBRUIK,Haven,Sep/11,6.7
5,GEBRUIK,Haven,Oct/11,4.2
5,GEBRUIK,Haven,Nov/11,3.9
5,GEBRUIK,Haven,Dec/11,3.5
5,GEBRUIK,Haven,Jan/12,5.9
5,GEBRUIK,Haven,Feb/12,6.0
5,GEBRUIK,Haven,Mar/12,8.5
5,GEBRUIK,Haven,Apr/12,8.5
5,GEBRUIK,Haven,May/12,7.1
5,GEBRUIK,Haven,Jun/12,6.1
5,GEBRUIK,Haven,Jul/12,3.5
5,GEBRUIK,Haven,Aug/12,3.9
5,GEBRUIK,Haven,Sep/12,2.9
5,GEBRUIK,Haven,Oct/12,3.2
5,GEBRUIK,Haven,Nov/12,1.8
5,GEBRUIK,Haven,Dec/12,3.2
5,GEBRUIK,Haven,Jan/13,3.1
5,GEBRUIK,Haven,Feb/13,4.7
5,GEBRUIK,Haven,Mar/13,5.5
5,GEBRUIK,Haven,Apr/13,5.3
5,GEBRUIK,Haven,May/13,4.4
5,GEBRUIK,Haven,Jun/13,2.5
5,GEBRUIK,Haven,Jul/13,3.3
5,GEBRUIK,Haven,Aug/13,4.5
5,GEBRUIK,Haven,Sep/13,5.9
5,GEBRUIK,Haven,Oct/13,6.8
5,GEBRUIK,Haven,Nov/13,5.2
5,GEBRUIK,Haven,Dec/13,3.0
5,GEBRUIK,Haven,Jan/14,4.0
5,GEBRUIK,Haven,Feb/14,6.6
5,GEBRUIK,Haven,Mar/14,7.6
5,GEBRUIK,Haven,Apr/14,5.9
5,GEBRUIK,Haven,May/14,5.5
5,GEBRUIK,Haven,Jun/14,4.7
5,GEBRUIK,Haven,Jul/14,5.3
5,GEBRUIK,Haven,Aug/14,3.6
5,GEBRUIK,Haven,Sep/14,5.4
5,GEBRUIK,Haven,Oct/14,4.2
5,GEBRUIK,Haven,Nov/14,3.7
5,GEBRUIK,Haven,Dec/14,1.6
5,GEBRUIK,Hout,Jan/09,1.2
5,GEBRUIK,Hout,Feb/09,1.4
5,GEBRUIK,Hout,Mar/09,3.0
5,GEBRUIK,Hout,Apr/09,4.1
5,GEBRUIK,Hout,May/09,6.3
5,GEBRUIK,Hout,Jun/09,5.7
5,GEBRUIK,Hout,Jul/09,5.7
5,GEBRUIK,Hout,Aug/09,3.3
5,GEBRUIK,Hout,Sep/09,4.0
5,GEBRUIK,Hout,Oct/09,4.9
5,GEBRUIK,Hout,Nov/09,6.5
5,GEBRUIK,Hout,Dec/09,6.8
5,GEBRUIK,Hout,Jan/10,5.2
5,GEBRUIK,Hout,Feb/10,5.3
5,GEBRUIK,Hout,Mar/10,5.0
5,GEBRUIK,Hout,Apr/10,6.4
5,GEBRUIK,Hout,May/10,6.9
5,GEBRUIK,Hout,Jun/10,7.1
5,GEBRUIK,Hout,Jul/10,6.4
5,GEBRUIK,Hout,Aug/10,6.7
5,GEBRUIK,Hout,Sep/10,5.3
5,GEBRUIK,Hout,Oct/10,3.9
5,GEBRUIK,Hout,Nov/10,1.5
5,GEBRUIK,Hout,Dec/10,2.0
5,GEBRUIK,Hout,Jan/11,3.5
5,GEBRUIK,Hout,Feb/11,3.5
5,GEBRUIK,Hout,Mar/11,4.4
5,GEBRUIK,Hout,Apr/11,3.0
5,GEBRUIK,Hout,May/11,4.9
5,GEBRUIK,Hout,Jun/11,5.1
5,GEBRUIK,Hout,Jul/11,7.9
5,GEBRUIK,Hout,Aug/11,6.9
5,GEBRUIK,Hout,Sep/11,5.8
5,GEBRUIK,Hout,Oct/11,5.3
5,GEBRUIK,Hout,Nov/11,7.3
5,GEBRUIK,Hout,Dec/11,7.4
5,GEBRUIK,Hout,Jan/12,7.1
5,GEBRUIK,Hout,Feb/12,6.7
5,GEBRUIK,Hout,Mar/12,5.7
5,GEBRUIK,Hout,Apr/12,4.0
5,GEBRUIK,Hout,May/12,4.3
5,GEBRUIK,Hout,Jun/12,5.6
5,GEBRUIK,Hout,Jul/12,7.9
5,GEBRUIK,Hout,Aug/12,5.2
5,GEBRUIK,Hout,Sep/12,6.8
5,GEBRUIK,Hout,Oct/12,5.0
5,GEBRUIK,Hout,Nov/12,6.7
5,GEBRUIK,Hout,Dec/12,4.7
5,GEBRUIK,Hout,Jan/13,4.4
5,GEBRUIK,Hout,Feb/13,3.3
5,GEBRUIK,Hout,Mar/13,2.3
5,GEBRUIK,Hout,Apr/13,4.5
5,GEBRUIK,Hout,May/13,4.4
5,GEBRUIK,Hout,Jun/13,7.1
5,GEBRUIK,Hout,Jul/13,7.1
5,GEBRUIK,Hout,Aug/13,8.3
5,GEBRUIK,Hout,Sep/13,6.5
5,GEBRUIK,Hout,Oct/13,6.4
5,GEBRUIK,Hout,Nov/13,6.8
5,GEBRUIK,Hout,Dec/13,7.5
5,GEBRUIK,Hout,Jan/14,4.9
5,GEBRUIK,Hout,Feb/14,5.4
5,GEBRUIK,Hout,Mar/14,4.4
5,GEBRUIK,Hout,Apr/14,5.5
5,GEBRUIK,Hout,May/14,5.1
5,GEBRUIK,Hout,Jun/14,6.1
5,GEBRUIK,Hout,Jul/14,8.0
5,GEBRUIK,Hout,Aug/14,7.3
5,GEBRUIK,Hout,Sep/14,7.7
5,GEBRUIK,Hout,Oct/14,4.7
5,GEBRUIK,Hout,Nov/14,3.8
5,GEBRUIK,Hout,Dec/14,4.0
5,GEBRUIK,Pampus,Jan/09,4.1
5,GEBRUIK,Pampus,Feb/09,4.4
5,GEBRUIK,Pampus,Mar/09,5.0
5,GEBRUIK,Pampus,Apr/09,7.4
5,GEBRUIK,Pampus,May/09,7.9
5,GEBRUIK,Pampus,Jun/09,7.6
5,GEBRUIK,Pampus,Jul/09,5.3
5,GEBRUIK,Pampus,Aug/09,5.7
5,GEBRUIK,Pampus,Sep/09,4.8
5,GEBRUIK,Pampus,Oct/09,4.8
5,GEBRUIK,Pampus,Nov/09,4.4
5,GEBRUIK,Pampus,Dec/09,3.1
5,GEBRUIK,Pampus,Jan/10,4.4
5,GEBRUIK,Pampus,Feb/10,2.9
5,GEBRUIK,Pampus,Mar/10,4.9
5,GEBRUIK,Pampus,Apr/10,6.2
5,GEBRUIK,Pampus,May/10,6.8
5,GEBRUIK,Pampus,Jun/10,4.5
5,GEBRUIK,Pampus,Jul/10,4.2
5,GEBRUIK,Pampus,Aug/10,4.6
5,GEBRUIK,Pampus,Sep/10,5.5
5,GEBRUIK,Pampus,Oct/10,4.3
5,GEBRUIK,Pampus,Nov/10,6.0
5,GEBRUIK,Pampus,Dec/10,6.4
5,GEBRUIK,Pampus,Jan/11,6.4
5,GEBRUIK,Pampus,Feb/11,6.0
5,GEBRUIK,Pampus,Mar/11,5.6
5,GEBRUIK,Pampus,Apr/11,4.9
5,GEBRUIK,Pampus,May/11,2.8
5,GEBRUIK,Pampus,Jun/11,1.9
5,GEBRUIK,Pampus,Jul/11,2.6
5,GEBRUIK,Pampus,Aug/11,3.6
5,GEBRUIK,Pampus,Sep/11,4.5
5,GEBRUIK,Pampus,Oct/11,3.1
5,GEBRUIK,Pampus,Nov/11,4.3
5,GEBRUIK,Pampus,Dec/11,5.3
5,GEBRUIK,Pampus,Jan/12,6.4
5,GEBRUIK,Pampus,Feb/12,4.1
5,GEBRUIK,Pampus,Mar/12,2.3
5,GEBRUIK,Pampus,Apr/12,2.0
5,GEBRUIK,Pampus,May/12,2.5
5,GEBRUIK,Pampus,Jun/12,3.5
5,GEBRUIK,Pampus,Jul/12,2.6
5,GEBRUIK,Pampus,Aug/12,2.9
5,GEBRUIK,Pampus,Sep/12,1.9
5,GEBRUIK,Pampus,Oct/12,4.4
5,GEBRUIK,Pampus,Nov/12,3.5
5,GEBRUIK,Pampus,Dec/12,3.6
5,GEBRUIK,Pampus,Jan/13,1.2
5,GEBRUIK,Pampus,Feb/13,2.4
5,GEBRUIK,Pampus,Mar/13,3.5
5,GEBRUIK,Pampus,Apr/13,4.9
5,GEBRUIK,Pampus,May/13,4.6
5,GEBRUIK,Pampus,Jun/13,5.6
5,GEBRUIK,Pampus,Jul/13,5.7
5,GEBRUIK,Pampus,Aug/13,7.0
5,GEBRUIK,Pampus,Sep/13,5.9
5,GEBRUIK,Pampus,Oct/13,5.4
5,GEBRUIK,Pampus,Nov/13,4.6
5,GEBRUIK,Pampus,Dec/13,6.5
5,GEBRUIK,Pampus,Jan/14,6.0
5,GEBRUIK,Pampus,Feb/14,4.5
5,GEBRUIK,Pampus,Mar/14,4.2
5,GEBRUIK,Pampus,Apr/14,3.9
5,GEBRUIK,Pampus,May/14,6.5
5,GEBRUIK,Pampus,Jun/14,6.4
5,GEBRUIK,Pampus,Jul/14,8.4
5,GEBRUIK,Pampus,Aug/14,6.3
5,GEBRUIK,Pampus,Sep/14,3.7
5,GEBRUIK,Pampus,Oct/14,3.2
5,GEBRUIK,Pampus,Nov/14,2.8
5,GEBRUIK,Pampus,Dec/14,3.6
5,GEBRUIK,Poort,Jan/09,4.3
5,GEBRUIK,Poort,Feb/09,7.1
5,GEBRUIK,Poort,Mar/09,8.1
5,GEBRUIK,Poort,Apr/09,7.4
5,GEBRUIK,Poort,May/09,6.4
5,GEBRUIK,Poort,Jun/09,5.0
5,GEBRUIK,Poort,Jul/09,3.9
5,GEBRUIK,Poort,Aug/09,3.5
5,GEBRUIK,Poort,Sep/09,4.0
5,GEBRUIK,Poort,Oct/09,3.4
5,GEBRUIK,Poort,Nov/09,4.2
5,GEBRUIK,Poort,Dec/09,3.2
5,GEBRUIK,Poort,Jan/10,3.6
5,GEBRUIK,Poort,Feb/10,3.2
5,GEBRUIK,Poort,Mar/10,5.3
5,GEBRUIK,Poort,Apr/10,5.3
5,GEBRUIK,Poort,May/10,3.7
5,GEBRUIK,Poort,Jun/10,4.1
5,GEBRUIK,Poort,Jul/10,6.2
5,GEBRUIK,Poort,Aug/10,6.0
5,GEBRUIK,Poort,Sep/10,5.3
5,GEBRUIK,Poort,Oct/10,2.8
5,GEBRUIK,Poort,Nov/10,2.9
5,GEBRUIK,Poort,Dec/10,1.8
5,GEBRUIK,Poort,Jan/11,2.0
5,GEBRUIK,Poort,Feb/11,2.1
5,GEBRUIK,Poort,Mar/11,2.7
5,GEBRUIK,Poort,Apr/11,3.6
5,GEBRUIK,Poort,May/11,4.1
5,GEBRUIK,Poort,Jun/11,3.9
5,GEBRUIK,Poort,Jul/11,2.8
5,GEBRUIK,Poort,Aug/11,3.8
5,GEBRUIK,Poort,Sep/11,3.1
5,GEBRUIK,Poort,Oct/11,5.6
5,GEBRUIK,Poort,Nov/11,5.7
5,GEBRUIK,Poort,Dec/11,7.1
5,GEBRUIK,Poort,Jan/12,5.8
5,GEBRUIK,Poort,Feb/12,6.0
5,GEBRUIK,Poort,Mar/12,4.5
5,GEBRUIK,Poort,Apr/12,3.3
5,GEBRUIK,Poort,May/12,1.8
5,GEBRUIK,Poort,Jun/12,1.5
5,GEBRUIK,Poort,Jul/12,4.3
5,GEBRUIK,Poort,Aug/12,3.9
5,GEBRUIK,Poort,Sep/12,4.8
5,GEBRUIK,Poort,Oct/12,3.3
5,GEBRUIK,Poort,Nov/12,5.9
5,GEBRUIK,Poort,Dec/12,6.0
5,GEBRUIK,Poort,Jan/13,4.7
5,GEBRUIK,Poort,Feb/13,2.9
5,GEBRUIK,Poort,Mar/13,3.2
5,GEBRUIK,Poort,Apr/13,4.7
5,GEBRUIK,Poort,May/13,4.3
5,GEBRUIK,Poort,Jun/13,5.9
5,GEBRUIK,Poort,Jul/13,4.3
5,GEBRUIK,Poort,Aug/13,5.4
5,GEBRUIK,Poort,Sep/13,5.2
5,GEBRUIK,Poort,Oct/13,7.5
5,GEBRUIK,Poort,Nov/13,7.9
5,GEBRUIK,Poort,Dec/13,5.8
5,GEBRUIK,Poort,Jan/14,6.1
5,GEBRUIK,Poort,Feb/14,7.0
5,GEBRUIK,Poort,Mar/14,7.7
5,GEBRUIK,Poort,Apr/14,5.1
5,GEBRUIK,Poort,May/14,4.2
5,GEBRUIK,Poort,Jun/14,4.5
5,GEBRUIK,Poort,Jul/14,5.2
5,GEBRUIK,Poort,Aug/14,3.9
5,GEBRUIK,Poort,Sep/14,3.7
5,GEBRUIK,Poort,Oct/14,4.2
5,GEBRUIK,Poort,Nov/14,6.5
5,GEBRUIK,Poort,Dec/14,6.6
5,GEBRUIK,Stad,Jan/09,6.3
5,GEBRUIK,Stad,Feb/09,5.1
5,GEBRUIK,Stad,Mar/09,4.9
5,GEBRUIK,Stad,Apr/09,5.1
5,GEBRUIK,Stad,May/09,4.3
5,GEBRUIK,Stad,Jun/09,5.7
5,GEBRUIK,Stad,Jul/09,6.2
5,GEBRUIK,Stad,Aug/09,7.7
5,GEBRUIK,Stad,Sep/09,5.5
5,GEBRUIK,Stad,Oct/09,4.5
5,GEBRUIK,Stad,Nov/09,2.3
5,GEBRUIK,Stad,Dec/09,4.6
5,GEBRUIK,Stad,Jan/10,6.8
5,GEBRUIK,Stad,Feb/10,9.0
5,GEBRUIK,Stad,Mar/10,7.1
5,GEBRUIK,Stad,Apr/10,6.7
5,GEBRUIK,Stad,May/10,4.8
5,GEBRUIK,Stad,Jun/10,3.8
5,GEBRUIK,Stad,Jul/10,3.6
5,GEBRUIK,Stad,Aug/10,5.4
5,GEBRUIK,Stad,Sep/10,7.1
5,GEBRUIK,Stad,Oct/10,5.2
5,GEBRUIK,Stad,Nov/10,4.3
5,GEBRUIK,Stad,Dec/10,4.5
5,GEBRUIK,Stad,Jan/11,7.0
5,GEBRUIK,Stad,Feb/11,6.2
5,GEBRUIK,Stad,Mar/11,4.2
5,GEBRUIK,Stad,Apr/11,2.5
5,GEBRUIK,Stad,May/11,5.0
5,GEBRUIK,Stad,Jun/11,7.8
5,GEBRUIK,Stad,Jul/11,8.5
5,GEBRUIK,Stad,Aug/11,8.2
5,GEBRUIK,Stad,Sep/11,7.6
5,GEBRUIK,Stad,Oct/11,7.1
5,GEBRUIK,Stad,Nov/11,5.3
5,GEBRUIK,Stad,Dec/11,3.1
5,GEBRUIK,Stad,Jan/12,4.1
5,GEBRUIK,Stad,Feb/12,5.8
5,GEBRUIK,Stad,Mar/12,8.7
5,GEBRUIK,Stad,Apr/12,8.1
5,GEBRUIK,Stad,May/12,5.6
5,GEBRUIK,Stad,Jun/12,3.2
5,GEBRUIK,Stad,Jul/12,3.8
5,GEBRUIK,Stad,Aug/12,4.4
5,GEBRUIK,Stad,Sep/12,6.2
5,GEBRUIK,Stad,Oct/12,6.8
5,GEBRUIK,Stad,Nov/12,6.7
5,GEBRUIK,Stad,Dec/12,7.2
5,GEBRUIK,Stad,Jan/13,6.9
5,GEBRUIK,Stad,Feb/13,8.1
5,GEBRUIK,Stad,Mar/13,7.6
5,GEBRUIK,Stad,Apr/13,5.0
5,GEBRUIK,Stad,May/13,3.3
5,GEBRUIK,Stad,Jun/13,2.4
5,GEBRUIK,Stad,Jul/13,3.0
5,GEBRUIK,Stad,Aug/13,5.6
5,GEBRUIK,Stad,Sep/13,4.3
5,GEBRUIK,Stad,Oct/13,4.5
5,GEBRUIK,Stad,Nov/13,2.0
5,GEBRUIK,Stad,Dec/13,2.9
5,GEBRUIK,Stad,Jan/14,2.7
5,GEBRUIK,Stad,Feb/14,5.0
5,GEBRUIK,Stad,Mar/14,4.2
5,GEBRUIK,Stad,Apr/14,5.6
5,GEBRUIK,Stad,May/14,6.1
5,GEBRUIK,Stad,Jun/14,6.4
5,GEBRUIK,Stad,Jul/14,5.3
5,GEBRUIK,Stad,Aug/14,3.3
5,GEBRUIK,Stad,Sep/14,5.3
5,GEBRUIK,Stad,Oct/14,7.1
5,GEBRUIK,Stad,Nov/14,8.2
5,GEBRUIK,Stad,Dec/14,8.0
